molecule,smiles,raw_score,weighted_score,protein,is_target
5AAC79FE10CB1CD0_DFD011AE691F0410_6031_DP,OC(=O)C1(CCCCCC1)C(=O)OCCOC2(CN)CCCCC2,4.190852165222168,-4.190852165222168,A0A9J7G2H7,False
299EAFDB94FC70C1_9BF681DB85E8833F_6031_UN,CCOC(=O)C2(CC(=O)OCCCN1CCCCCCC1)CCC2,4.193544864654541,-4.193544864654541,A0A9J7G2H7,False
45665E52EBFEDE59_80ED62C3C4B6044C_6031_UN,CCOC(=O)C(=C)CC(=O)OCCN2CCC1(CCCCC1)CC2,4.210033416748047,-4.210033416748047,A0A9J7G2H7,False
E38E781B88DA075D_A311C52E8EDFB9A6_6031_UN,CCN2CCN(CC(=O)OCCN1CCCCCC1=O)C(=O)C2=O,4.221978664398193,-4.221978664398193,A0A9J7G2H7,False
754AB6D4EAB42867_25EF5FC02A3CA2F4_6031_UN,O(C(=O)CN1CCCCC(=O)C1=O)CCOC2(CN)CCCCC2,4.222593307495117,-4.222593307495117,A0A9J7G2H7,False
B12F0D07B7E1C7ED_C2A173E4C67E72F2_6038_UN,COC(=O)C2CCN(CCOC(=O)CCN1CCCCCC1)CC2,4.225636959075928,-4.225636959075928,A0A9J7G2H7,False
BFDD75DCDB4DB81B_845BF5FD2388536D_6031_UN,CCOC(=O)C(C)(C)C(=O)OCCN2CCC1(CCCCC1)CC2,4.235032081604004,-4.235032081604004,A0A9J7G2H7,False
97238C2EA2694A78_BE6FC30F35635A57_6031_UN,O(C(=O)CN1CCCCC(=O)C1=O)CCCN2CCCCCCC2,4.235836505889893,-4.235836505889893,A0A9J7G2H7,False
262CC5EAD66EF52A_C54CAAA01088E3E9_7022_UN,C1(=CC=C(C=C1)OCC2=CC=C(C=C2)Cl)OCC3=NC=CC(=C3)Cl,4.239953994750977,-4.239953994750977,A0A9J7G2H7,False
5E1A40608AB02F53_16F0231D8B0F5225_6031_DP,NC1(CCC2(CC1)OCCO2)C(=O)OCCOC3(CN)CCOC3,4.243670463562012,-4.243670463562012,A0A9J7G2H7,False
F4F4FF8CD37E3C96_D0C622462E0163EE_6031_UN,COC(=O)C1(COC1)C(=O)OCCN3CCC2(CCCCC2)CC3,4.249040603637695,-4.249040603637695,A0A9J7G2H7,False
947CB4F59CDACC56_44508D617640FCB3_6031_DP,OC(=O)C1(CCCCCC1)C(=O)OCCCN2CCCCCCC2,4.251698017120361,-4.251698017120361,A0A9J7G2H7,False
FCDB7A70847B67F8_97FA2B82A3BA295F_6031_UN,CCOC(=O)C13CC(C1)(C(=O)OCCN2CCCCCC2=O)OC3,4.259079456329346,-4.259079456329346,A0A9J7G2H7,False
7A0EE5A3D474DA06_DBD712B4D1881EB7_6031_UN,CCN2CCN(CC(=O)OCC1(N)CCCCCCC1)C(=O)C2=O,4.263596534729004,-4.263596534729004,A0A9J7G2H7,False
0887ED5DCB59726B_9A6BF67F88EA6AB6_6039_UN,CCOC(=O)CN2CCC(OCC(=O)N1CCCCCCC1)CC2,4.263694763183594,-4.263694763183594,A0A9J7G2H7,False
79D0656C336C1F6C_C98180AC8B11F1C5_6034_UN,O=C1CC3(CC(=O)N1CCOC2(CN)CCCC2)CCCCCC3,4.263830184936523,-4.263830184936523,A0A9J7G2H7,False
F1667A41D38A8277_6DC7A484E5755EB7_7022_UN,C1(=C(C=CC(=C1)OCC2=CC=CC=C2)F)OCC3=NC=CC(=C3)Br,4.272412300109863,-4.272412300109863,A0A9J7G2H7,False
925106FCD750FB9E_BA3D432A5158D828_6039_UN,O(CCN1CCCCCC1=O)CC(=O)N2CCC3(CC2)OCCO3,4.272555828094482,-4.272555828094482,A0A9J7G2H7,False
AC631898561D58B1_19B58F78E33CAFC6_6034_UN,BrC1=CC(=CC=C1)CN2C=CC(=O)N(C2=O)CC3=NC=CC(=C3)Cl,4.27510929107666,-4.27510929107666,A0A9J7G2H7,False
03B7F600D6E51999_49CAF6AF77CAF470_6039_UN,CCOC(=O)C2(COCC(=O)N1CCCCCCC1)CCOCC2,4.276820182800293,-4.276820182800293,A0A9J7G2H7,False
C53E1F262DE81312_EA8F9B58DEA8FC83_6031_UN,CCCC(=O)N1CCC(CC1)C(=O)OCCN2CCCCCC2=O,4.282924652099609,-4.282924652099609,A0A9J7G2H7,False
4CD89155C7775E5B_29A5A97D37AAABD0_6031_UN,O(C(=O)CN1CCCCCC1=O)CC2(N)CCC3(CC2)OCCO3,4.285721302032471,-4.285721302032471,A0A9J7G2H7,False
0951C9B860956399_46EE1BAE0F85DA95_6031_UN,COC(=O)N1CCCC(C1)C(=O)OCCOC2(CN)CCCCC2,4.3052473068237305,-4.3052473068237305,A0A9J7G2H7,False
7FDE813F5D354527_1FE1B6EF55D32DF1_6031_UN,CCOC(=O)[C]2(C[C]1(C[CH2]C1)C2)C(=O)OCC3(N)CCCCCC3,4.307943344116211,-4.307943344116211,A0A9J7G2H7,False
49A9D8B0AD77C228_694F99F9BC1214B4_6038_DP,OC(=O)CN2CCCCC(OC(=O)CN1CCCCCC1=O)C2=O,4.312082290649414,-4.312082290649414,A0A9J7G2H7,False
E01F9BE18551FE04_7D1E6D22B2A0F67B_6039_UN,CCOC(=O)CN2CCCC(OCC(=O)N1CCCCCCC1)C2,4.315517425537109,-4.315517425537109,A0A9J7G2H7,False
3E688D2FAE9699A2_E1E6B6927123FB64_2201_DP,N1CC4(C1)C2=C6C5=C(N=C2C3=C(C=CC=C3)O4)N=CN=C5NC=C6,4.3166327476501465,-4.3166327476501465,A0A9J7G2H7,False
721F7D73960985B2_6313958C50BE59B8_6031_UN,CC1(CCC2(CC1)OCCO2)C(=O)OCCN3CCCCCC3=O,4.319374084472656,-4.319374084472656,A0A9J7G2H7,False
B27A7E8853FF18C5_89548E908FB7630B_6031_UN,O(C(=O)CC2CCC1(CCOCC1)CO2)CCN3CCOCC3=O,4.323616027832031,-4.323616027832031,A0A9J7G2H7,False
6A5BBAE2F93419C5_8B4DD2B9D31E6BDD_6038_UN,NC(=O)CN3CCN(CCOC(=O)C12CCCN(CCC1)C2)CC3,4.325589179992676,-4.325589179992676,A0A9J7G2H7,False
1431E117A16CC8CB_5DE03351249F5FDB_6031_DP,OC(=O)C1(CC2CCC1C2)C(=O)OCC34CC(CN)(OC3)CCC4,4.326577186584473,-4.326577186584473,A0A9J7G2H7,False
2EE86B3B2843E51E_81E19DF2ADD0D916_6031_UN,O(C(=O)C1(CCOCC1)C2CCCCO2)CCN3CCOCC3=O,4.327235221862793,-4.327235221862793,A0A9J7G2H7,False
FA7C3D7183370F49_454E3DCEBD59D871_6038_UN,COC(=O)CSSCCOC(=O)CN1C(=O)N(CC=C)C(=O)C1=O,4.3279643058776855,-4.3279643058776855,A0A9J7G2H7,False
51B94E8FC3B6081A_D4AD43F436539C58_6039_UN,NC(=O)CN2CCN(CCOCC(=O)N1CCCCCCC1)CC2,4.335091590881348,-4.335091590881348,A0A9J7G2H7,False
80FC2AE15FFC6699_C336C3CCC5A3B1AC_7022_UN,C1(=CC(=CC=C1)C2=CC=C(C=C2)Cl)OCC34CCCN(CCC3)C4,4.338424205780029,-4.338424205780029,A0A9J7G2H7,False
EF7A6E6A9037AB0F_C4BAAF6372BC9117_6031_UN,COC(=O)[C]2(C[C]1(C[CH2]C1)C2)C(=O)OCC3(N)CCCCCCC3,4.339475631713867,-4.339475631713867,A0A9J7G2H7,False
28331FFDED7E5361_0A37C99ADE218882_6035_UN,O(CC12CCCN(CCC1)C2)C3=CC=C(C=C3)C4=CC=C(C=C4)Br,4.344086170196533,-4.344086170196533,A0A9J7G2H7,False
CDA00902ECEEE733_553BDDE1C39831F6_2201_DP,N1CCC4(C1)C2=C6C5=C(N=C2C3=C(C=CC=C3)O4)N=CN=C5NC=C6,4.344188213348389,-4.344188213348389,A0A9J7G2H7,False
19F0649D408C6BFE_74D78B3065E134F2_6038_UN,CCOC(=O)C2(COC(=O)CSCC(=O)N1CCCCC1)CCC2,4.347840785980225,-4.347840785980225,A0A9J7G2H7,False
7BFE572A332D9FC6_5AE78E6E42704066_6041_UN,C2(=NC1=C(C=CC=C1)[N]3C=CC=C23)NC56CN4CN(CN(C4)C5)C6,4.348500728607178,-4.348500728607178,A0A9J7G2H7,False
0A3FC59713AAE6C0_A2BD56F94DFBEB19_7022_UN,C1(=CC=C(C=C1)OCC2=CC=C(C=C2)Cl)OCC3=CC=C(C=C3)I,4.352176666259766,-4.352176666259766,A0A9J7G2H7,False
4EF5F73FE6360B35_560BEEFA91126FD3_7022_UN,C1(=CC(=CC=C1)Cl)OCC2=CC=C(C=C2)OCC3=C(C=CC=C3)F,4.354122161865234,-4.354122161865234,A0A9J7G2H7,False
37711DC93E094444_2FDB1D4623416F07_7022_UN,C1(=CC(=CC=C1)Br)OCC2=CC=C(C=C2)OCC3=C(C=CC=C3)F,4.354122161865234,-4.354122161865234,A0A9J7G2H7,False
0A93862F9AA58D38_19C166393D5981D0_6031_UN,O(C(=O)C1(CCOCC1)C2CCCCO2)CCN3CCCCC3=O,4.363221168518066,-4.363221168518066,A0A9J7G2H7,False
5E0C37CAE2867333_540FC365FDD2201B_6035_UN,O(CC1=CC(=CC=C1)F)C2=CC=C(C=C2)OCC3=C(C=CC=C3)F,4.363742828369141,-4.363742828369141,A0A9J7G2H7,False
4431C0C109FC3B38_FEFCD14BC44530BA_6038_DP,OC(=O)CN3CCCCC(OC(=O)C1(CC1)C2CCCCO2)C3=O,4.364048480987549,-4.364048480987549,A0A9J7G2H7,False
C5BDA2B0CB4B6038_B06BFD1F84BF3153_6035_UN,O(CC1=C(C=CC=C1)F)C2=CC=C(C=C2)OCC3=C(C=CC=C3)F,4.3661651611328125,-4.3661651611328125,A0A9J7G2H7,False
9403781F4ABB9E8B_930D4843A18934AF_6031_UN,O(C(=O)CC(C1=CC=CC=C1)[N]2C=CC=C2)CC3=NC=CC(=C3)Cl,4.371298789978027,-4.371298789978027,A0A9J7G2H7,False
C9ED6F41E4BEE60D_D28EE2F1D31AFD31_6031_DP,NC(C1CCCCO1)C(=O)OCC2(CN)COCC3COCCN23,4.371305465698242,-4.371305465698242,A0A9J7G2H7,False
E8649E11D592E2EA_927F36884EAF9A04_7022_UN,C1(=CC=C(C=C1)OCC2=CC=CC=C2)OCCOC3=NC=CC=C3,4.375596046447754,-4.375596046447754,A0A9J7G2H7,False
673D4419BB39ECEF_2E30A690AF27C7D4_6038_UN,NC(=O)CN3CCN(CCOC(=O)CC1CN2CCN1CC2)CC3,4.377162933349609,-4.377162933349609,A0A9J7G2H7,False
49365587BB4C9084_873BC67AA377B947_6038_UN,COC(=O)CCN3CCC(OC(=O)[C@@H]1OC[C@@H]2COCC[C@H]12)CC3,4.380031108856201,-4.380031108856201,A0A9J7G2H7,False
19EC8EF24ABF69FE_5A72603E7F9A8731_6038_UN,O(CCN2CCC1(COC1)CC2)C(=O)CN3CCCCCCC3=O,4.3903608322143555,-4.3903608322143555,A0A9J7G2H7,False
0DC938515E660A14_62EB4FA4E0212D5F_6035_UN,O(CC1=NC(=CC=C1)F)C2=CC=C(C=C2)OCC3=C(C=CC=C3)F,4.3997273445129395,-4.3997273445129395,A0A9J7G2H7,False
BFCEA0D65D094DDD_69FCDF945EE23DC3_6038_UN,CCOC(=O)C2(COC(=O)COC1CCCCCC1)CCOCC2,4.415667533874512,-4.415667533874512,A0A9J7G2H7,False
73A9136A5223B3B4_3188E5D308E598C3_6031_DP,NC1(CCC2(CC1)OCCO2)C(=O)OCC3(N)CCCCCCC3,4.41931676864624,-4.41931676864624,A0A9J7G2H7,False
75A29B929925FADC_FEBFF465B5AFC0C2_6035_UN,O(CC1=C(C=CC=C1)F)C2=C(C=CC=C2)OCC3=C(C=CC=C3)F,4.421992778778076,-4.421992778778076,A0A9J7G2H7,False
B08C11A051EC84F8_C35AFFB303D825D3_6035_UN,O(CC1=C(C=NC=C1)Cl)C2=C(C=CC=C2)OCC3=CC(=CC=C3)F,4.424233436584473,-4.424233436584473,A0A9J7G2H7,False
1FD0A0260DE10807_AB36AE114497AADD_6035_UN,O(CC1=C(C=C(C=C1)Cl)I)C2=CC=C(C=C2)OCC3=CC=NC=C3,4.426219463348389,-4.426219463348389,A0A9J7G2H7,False
3C5F5EB8D781B251_5B51892B95711D21_6035_UN,O(CC1=C(C=CC=C1)F)C2=C(C=C(C=C2)OCC3=CC=CC=C3)F,4.426488399505615,-4.426488399505615,A0A9J7G2H7,False
C60D8C6A48163DE3_1507302908BFA693_6038_UN,CCOC(=O)C34CC(COC(=O)C1CC2CCC1CC2=O)(C3)OC4,4.429895877838135,-4.429895877838135,A0A9J7G2H7,False
49A6883931B68D50_39543A533B0EF5E6_6034_UN,O=C2C[C]1(CC[CH2]CC1)CC(=O)[N]2CCCN3CCCCCCC3,4.429952144622803,-4.429952144622803,A0A9J7G2H7,False
BE8CEE0F3FBB718A_D18630A3EA85D73E_6035_UN,O(CC12CCCN(CCC1)C2)C3=CC(=CC=C3)OC4=CC=NC=C4,4.431305885314941,-4.431305885314941,A0A9J7G2H7,False
BAA2156BE5DFB9CF_04F297E7C57954B8_6038_DP,OC(=O)CN3CCCCC(OC(=O)C12CCCN(CCC1)C2)C3=O,4.432080268859863,-4.432080268859863,A0A9J7G2H7,False
F089806BF02D346C_110C6489AF6A0133_6031_UN,CCCC(=O)N1CCCC(C1)C(=O)OCC2(N)CCCCCCC2,4.432905197143555,-4.432905197143555,A0A9J7G2H7,False
981BE1CF627F46D6_B1D5AD011727C2CB_6035_UN,O(CCOC1=CC=CC=C1)C2=CC=C(C=C2)OCC3=CC=CC=C3,4.435330390930176,-4.435330390930176,A0A9J7G2H7,False
981BE1CF627F46D6_EFE384F7E793EED1_7022_UN,C1(=CC=C(C=C1)OCC2=CC=CC=C2)OCCOC3=CC=CC=C3,4.435331344604492,-4.435331344604492,A0A9J7G2H7,False
CF792C1E9ABE2A75_E7DB69F36B4279C2_6038_UN,O(CC2CCC1(CCCCCCC1)O2)C(=O)CCN3CCOC3=O,4.436087131500244,-4.436087131500244,A0A9J7G2H7,False
2278094323187272_DD76E0CD7E135AB9_6031_UN,COC3(CC(=O)OC[C@@]1(CN)COC[C@H]2CCCN12)CCCCC3,4.437520980834961,-4.437520980834961,A0A9J7G2H7,False
9FAE11D926A8738F_93BC3D2450E37B2B_6031_DP,NCC(C1CCOC1)C(=O)OCC2(CN)COCC3COCCN23,4.440316677093506,-4.440316677093506,A0A9J7G2H7,False
EFCD40CD9DE5A35F_AE5CB7994BD6F958_7022_UN,C1(=CC(=CC=C1)C2=CC=C(C=C2)Cl)NC45CN3CN(CN(C3)C4)C5,4.440451622009277,-4.440451622009277,A0A9J7G2H7,False
9AD8C894D190158B_554123C710B0EF47_6031_UN,NCC1(CC(=O)OCCOCCOCCOCCN)CCCCC1,4.449687480926514,-4.449687480926514,A0A9J7G2H7,False
59C39A471CD5099F_C09B98B22063F8E8_6041_UN,C2(=NC1=C(C=CC=C1)[N]3N=NN=C23)NC56CN4CN(CN(C4)C5)C6,4.450113773345947,-4.450113773345947,A0A9J7G2H7,False
1E72E6B22BEDBEA3_1777A65A2E7F0956_6031_DP,OC(=O)CCC(=O)OCCOC(=O)CCC(=O)OCCOCCN,4.452149868011475,-4.452149868011475,A0A9J7G2H7,False
5CAF2CF6A3B3A86B_A21A37811D87CED8_6035_UN,O(CC12CCCN(CCC1)C2)C3=CC=C(C=C3)OC4=CN=CC=C4,4.45339822769165,-4.45339822769165,A0A9J7G2H7,False
0FE38BA06E6C36BB_AE12B926EF9F1B0A_7022_UN,CC1=CC(=CC=C1)OCC2=CC=C(C=C2)OCC3=C(C=CC=C3)F,4.456326484680176,-4.456326484680176,A0A9J7G2H7,False
8B6C4A0D9993533A_7FA65B5284471CEA_6038_UN,COC(=O)C34CCC(COC(=O)CCC1CC2CCC1C2)(C3)OC4,4.45994758605957,-4.45994758605957,A0A9J7G2H7,False
C051AAD6350FDECE_EE7CFA6BF4F92EFF_6031_UN,O(C(=O)C1=CC(=NO1)C2=CC=C(C=C2)Br)CCC3=CC=C(C=C3)Cl,4.461306571960449,-4.461306571960449,A0A9J7G2H7,False
0457835F1A992E34_5F85CC2BE5671A01_6039_UN,O([C@@H](CC(=O)O)C(=O)O)CC(=O)NCCCN1CCCCCC1=O,4.465945243835449,-4.465945243835449,A0A9J7G2H7,False
00B13D03D89EA420_C3A8153EB4463D25_6031_UN,O(C(=O)CN1CCCOC1=O)CC3CCC2(CCCCCCC2)O3,4.466763496398926,-4.466763496398926,A0A9J7G2H7,False
6C2750E50F3E56B6_93245ECA8AED56BD_6039_UN,O(C(C1=CC=CC=C1)C2=CC(=CC=C2)F)CCC3=CC=CC(=C3)F,4.472184181213379,-4.472184181213379,A0A9J7G2H7,False
A7B7BD20E5FD473A_339B8F5F6F509DB5_6031_UN,O(C(=O)CC1C2CCCC1CNC2)CC34CC(CN)(OC3)CCC4,4.472893714904785,-4.472893714904785,A0A9J7G2H7,False
E2648183EA7C2074_7705DAA6E3EDF778_6035_UN,O(CC12CCC(CC1)CC2)C5=C4N=C3C=CC=CC3=NC4=CC=C5,4.474089622497559,-4.474089622497559,A0A9J7G2H7,False
D1BED4BCC4E749E7_3A362C29DEDB49E8_6035_UN,O(CC1=C(C=C(C=C1)F)Br)C2=CC(=CC=C2)OCC3=CC=CC=C3,4.476881980895996,-4.476881980895996,A0A9J7G2H7,False
F68402B54656CC56_A1F6CB130CDC7BD6_6039_UN,CC1=C(C=CC(=C1)F)OCC2=CC(=CC=C2)OCC3=NC=CC=C3,4.477384090423584,-4.477384090423584,A0A9J7G2H7,False
B569B0DC74A9BEF5_FF9182A540C2161D_6031_UN,CC(=O)N2CCC(CCC(=O)OCCC1(CN)CCCCC1)CC2,4.478557586669922,-4.478557586669922,A0A9J7G2H7,False
1C1EA3E652F489E9_536830E1DC29761C_6039_UN,O(CCC1=CC=CC=C1)CC2=CC=C(C=C2)OCC3=CC=NC=C3,4.478590488433838,-4.478590488433838,A0A9J7G2H7,False
4CED9433BA1669D8_DB2041D0DBC4FCAE_7022_UN,C1(=C(C=CC=C1)COC2=CC=C(C=C2)F)OCC3=C(C=CC=C3)Cl,4.481265068054199,-4.481265068054199,A0A9J7G2H7,False
313F71C1CA96EF34_3692CA51BE0452C6_6039_UN,O(CCC1=CC=CC=C1)CC2=CC=C(C=C2)OCC3=CN=CC=C3,4.4817914962768555,-4.4817914962768555,A0A9J7G2H7,False
CC1F160DEBF403AE_D2037D62AE076E93_6035_UN,O(C1C3CCCC1CN(CC2=CC=CC=C2)C3)C4=C(C=CC=C4)F,4.48299503326416,-4.48299503326416,A0A9J7G2H7,False
4F955A0BB542DEC4_D6317880AA04E602_6031_UN,O(C(=O)CNCC1=CC(=CC=C1)F)CC2=NC3=C(N=N2)C=CC=C3,4.484838485717773,-4.484838485717773,A0A9J7G2H7,False
8592D0FAC4D33ABF_28E75AE241DF4682_6039_UN,O(C1C3CCCC1CN(CC2=CC=CC=C2)C3)CC4=NC=CC=C4,4.4860358238220215,-4.4860358238220215,A0A9J7G2H7,False
8592D0FAC4D33ABF_8115ABA3122A8E0D_6039_UN,O(C1C3CCCC1CN(CC2=CC=CC=C2)C3)CC4=NC=CC=C4,4.4860358238220215,-4.4860358238220215,A0A9J7G2H7,False
7D9CA89BF69728E5_88640525BB83AD57_6031_UN,O(C(=O)CC1=C(C=CC(=C1)Br)Cl)CC2=C[N](N=C2)C3=CC=CC=C3,4.487788200378418,-4.487788200378418,A0A9J7G2H7,False
088ED84A90DE2815_8AF2959356E8F35A_6034_UN,FC1=C(C=C(C=C1)C2=NC=CN2CCOCC3=CC(=CC=C3)F)Br,4.493912696838379,-4.493912696838379,A0A9J7G2H7,False
2ADBCF538F05F1B2_8C450651A31B779A_6039_UN,CCCCOCCOCCOCCOCCOCCOCCOC,4.49458646774292,-4.49458646774292,A0A9J7G2H7,False
6A55853BB91966C0_A7A6D8B2B161D213_6039_UN,O(C(C1=CC=CC=C1)C2=C(C=CC=C2)F)CCC3=CC=CC(=C3)F,4.496279239654541,-4.496279239654541,A0A9J7G2H7,False
CA862AE3207E4FE7_51ADE9AA32CCCDA2_6038_UN,CCN(C)C(=O)OCCOC(=O)C1(CCCCC1)C2CCCCC2,4.498491287231445,-4.498491287231445,A0A9J7G2H7,False
3981F408771DDF40_87D29F4A6ADB453B_7022_UN,C1(=CC=C(C=C1)Br)OC2C4CCCC2CN(CC3=CC=CC=C3)C4,4.498605251312256,-4.498605251312256,A0A9J7G2H7,False
13F11EE6DBA9BDFD_B059681C4D10548C_6035_UN,O(CCC1=NC=CC=C1)C2=CC=C(C=C2)OCCC3=CC=CC=C3,4.499316692352295,-4.499316692352295,A0A9J7G2H7,False
155013CF55312E5B_B30FC8770A161A73_6031_UN,CCOC(=O)C(C)(C)C(=O)OCC2CCC1(CCCCCCC1)O2,4.50563907623291,-4.50563907623291,A0A9J7G2H7,False
DBEECB054A5110B5_8EED0002496C903F_6031_DP,NCC1CCC(C1)(N)C(=O)OCC3CCC2(CCCCCCC2)O3,4.508352279663086,-4.508352279663086,A0A9J7G2H7,False
1AB2DF0524A670B3_8A14DCB1CD1F6AA5_6038_UN,CC(C)OC(=O)N2CCCC(OC(=O)CCN1CCCCCC1)C2,4.508712291717529,-4.508712291717529,A0A9J7G2H7,False
C6B5B787266C3F9A_6CBB19AFA08E4A73_6035_UN,O(C1CCCCCCCCCCC1)C3=C(C=C2OCCOC2=C3)Br,4.508967399597168,-4.508967399597168,A0A9J7G2H7,False
0D97AC0F08AC3C5F_DD16B2086B6DAAD3_6031_UN,CC3C(C)C(=O)N(CC(=O)OCC12CC(CN)(OC1)CCC2)C3=O,4.50971794128418,-4.50971794128418,A0A9J7G2H7,False
4253013EC1946BB8_DA56A3042C211D55_7022_UN,C1(=CC=C(C=C1)F)OC2CC3CCCC(C2)N3CC4=CC=CC=C4,4.509914398193359,-4.509914398193359,A0A9J7G2H7,False
E7FA3779F70B8138_0103B6AD7CBAD078_7005_UN,N3=C(C1N2CCN(C1)CCC2)[NH]C4=CC(=CC=C34)C5=CC=NC=C5,4.514798164367676,-4.514798164367676,A0A9J7G2H7,False
09E2530E4D1407A5_B20C8E38BC901C1C_6031_UN,NC(CC1OCCCC1)C(=O)OCC2(CN)COCC3COCCN23,4.515908241271973,-4.515908241271973,A0A9J7G2H7,False
BA10B4C65FF96A2F_A25A7DBCDBC00CC9_6031_DP,NCC12CCC(CO1)(C(=O)OCCOCCOCCOCCN)C2,4.521718978881836,-4.521718978881836,A0A9J7G2H7,False
3494172F686F6D0F_AD94E0750C93582B_6031_DP,NC3CCOC(CC(=O)OCC1(CN)COCC2COCCN12)C3,4.524662494659424,-4.524662494659424,A0A9J7G2H7,False
85AA65EA3F0AA581_2E740CABB52F4C71_6038_UN,CC(OC(=O)C(C1=CC=CC=C1)[N]2C=CC=N2)C3=CC(=CC=C3)F,4.525252819061279,-4.525252819061279,A0A9J7G2H7,False
FD87DF5FC30EF86B_E7A761A70F069D83_6031_UN,CCOC(CC(=O)OCC12CC(N)(C1)C3(O2)CCOCC3)OCC,4.526281833648682,-4.526281833648682,A0A9J7G2H7,False
AB5F50710387D1C5_5205058E13754980_6035_UN,O(C1CC2CCCC(C1)N2CC3=CC=CC=C3)C4=NC=CC(=C4)Br,4.532733917236328,-4.532733917236328,A0A9J7G2H7,False
D31F7D40D18F771F_901B87B4804F8AE4_6041_UN,C2(=CC=NC3=C1N=CC=CC1=CC=C23)NC45CCCN(CCC4)C5,4.5335259437561035,-4.5335259437561035,A0A9J7G2H7,False
847A94F942D20B7C_9E8C117406AA5377_6035_UN,O(C1C3CCCC1CN(CC2=CC=CC=C2)C3)C4=C[N](=CC=C4)=O,4.5341010093688965,-4.5341010093688965,A0A9J7G2H7,False
56F53AD5218F77E5_0F3DF53CCA4818CB_6039_UN,C[C@H](OCC(=O)NCCCN1CCCCCC1=O)C2(C)CCCO2,4.547060012817383,-4.547060012817383,A0A9J7G2H7,False
940A58129E5052EF_9D011FB9B359D4A7_6039_UN,O(C(C1=CC=CC=C1)C2=C(C=CC=C2)F)C[C@@H]4C[C@H]3COC[C@H]3O4,4.547242641448975,-4.547242641448975,A0A9J7G2H7,False
EDED700EC7F0A5AD_5A38E89ABE124F41_6038_UN,CCOC(=O)C(CC)(CC)COC(=O)CC2CCCC1(CCC1)O2,4.551987648010254,-4.551987648010254,A0A9J7G2H7,False
F87FED50A2AF6882_8F5857B23E9C6BAB_6031_UN,NC(=N)NC(=N)NCCC(=O)OCCNC(=O)N1CCCCCC1,4.554056167602539,-4.554056167602539,A0A9J7G2H7,False
1F92B788D103A07A_055ED2B4A84AF418_7022_UN,C1(=CC(=CC=C1)C2=CC=NC=C2)OCCOC3=C(C=CC(=C3)Cl)Cl,4.554567337036133,-4.554567337036133,A0A9J7G2H7,False
980F9D0FA1C048F5_70836556648E6F90_6039_UN,O(C1C3CCCC1CN(CC2=CC=CC=C2)C3)CC4=NN=CC=C4,4.5560784339904785,-4.5560784339904785,A0A9J7G2H7,False
A26C76E0300225EA_4941C7391DB2B0CA_6035_UN,O(CC1=C(C=CC(=C1)Br)Cl)C2=CC=C(C=C2)OC3=CC=C(C=C3)Cl,4.556268692016602,-4.556268692016602,A0A9J7G2H7,False
AA5698E4DFBA2F24_A8B7615C9D2A6346_6039_UN,COC(=O)CC(C)(OCC2CCC1(CCCCCC1)O2)C(=O)OC,4.556924819946289,-4.556924819946289,A0A9J7G2H7,False
162268ED398E77E9_04B7A51990C56ACD_6031_UN,COCC3(CC(=O)OCCN2CCC1(COC1)CC2)CCOCC3,4.557391166687012,-4.557391166687012,A0A9J7G2H7,False
72D5F15662BEA599_191501020F568397_6038_UN,O(C(C1=CC=CC=C1)C2=C(C=CC=C2)F)C(=O)[C@@H]3[C@H]4CCCO[C@@H]34,4.5608391761779785,-4.5608391761779785,A0A9J7G2H7,False
BD76B83B82BD8F38_F74908245815D7EB_6031_DP,OC(=O)CCC(=O)OCCOC(=O)CCC(=O)OCCN(CC)N,4.565518856048584,-4.565518856048584,A0A9J7G2H7,False
F1D0DF4D1AF6984F_A61CEE15536114EE_6039_UN,CCOC(=O)C(C)(C)OCC3CCC1(CCC2(CC1)OCCO2)O3,4.574276447296143,-4.574276447296143,A0A9J7G2H7,False
00A8ECB3E57EA812_0876439A50023116_7022_UN,C1(=C(C=CC=C1)CC2=CC=CC=C2)OCCOCC3=CC=CC=C3,4.5772833824157715,-4.5772833824157715,A0A9J7G2H7,False
371D941D8FC63512_18C9DDE169086C10_6038_UN,N(CC12CC(OC1)CCO2)C(=O)CN3C(=O)N(CC=C)C(=O)C3=O,4.580031871795654,-4.580031871795654,A0A9J7G2H7,False
520B92A6A23A6831_3E5EFDE507BF9B02_6034_UN,C1=CC=C(C=C1)C2=NN=C(N2C3=CC=COC3=O)C4=CC=CC=C4,4.581205368041992,-4.581205368041992,A0A9J7G2H7,False
7441C33C87A9FC94_C42AAA420D48C146_6038_UN,COC(=O)C34CCC(COC(C12CC(C)(OC1)CCC2)=O)(C3)OC4,4.5825934410095215,-4.5825934410095215,A0A9J7G2H7,False
A5C8905D6C764C7D_16D2615CAB69D1D1_6031_UN,NC(CC1=NSN=C1)C(=O)OCC3=NC2=C(N=C(N)N=C2N)N=C3,4.583547592163086,-4.583547592163086,A0A9J7G2H7,False
3014135C133FA4D7_37D6828F0A243256_6031_UN,O(C(=O)C[N]1C2=C(N=N1)C=CC=C2)CC3=CC(=CN=C3)C(F)(F)F,4.583556175231934,-4.583556175231934,A0A9J7G2H7,False
45612046460756A8_06863105F4360CA4_6039_UN,O(C1C3CCCC1CN(CC2=CC=CC=C2)C3)CC4=CN=CC=C4,4.590120315551758,-4.590120315551758,A0A9J7G2H7,False
A68855A9CC1E1101_7FFFA56A6CC3931F_6031_UN,CC(N3C(=O)C2C1CCC(O1)C2C3=O)C(=O)OCC4=NN=C(N)O4,4.592945098876953,-4.592945098876953,A0A9J7G2H7,False
A66E3BCE86D165A5_999629DC0A33C6E0_6039_UN,COC(C)C(OCC(=O)NCCCN1CCCCCC1=O)C(=O)O,4.597201824188232,-4.597201824188232,A0A9J7G2H7,False
CA5EC0A9AD0D7997_6A04B3AA91070464_6038_UN,N(CCC2CCC1(CCOCC1)CO2)C(=O)CN3C(=O)CCC3=O,4.598232269287109,-4.598232269287109,A0A9J7G2H7,False
8F3728D495CEC239_2CCA5F26ACBF6623_6031_UN,O(C(=O)C23CC1CC(CC(C1)O2)C3)CC56CC4CC(CC(C4)O5)C6,4.600232124328613,-4.600232124328613,A0A9J7G2H7,False
333E050E87010EF6_C6ED03D945B3C73D_7022_UN,C1(=CC(=CC=C1)C2=CC=NC=C2)NC3=NN=N[N]3C4=NC=CC=C4,4.606173515319824,-4.606173515319824,A0A9J7G2H7,False
BD559906AEBD2865_595D7E954B974A48_6004_UN,C2(=CC1=CN=C[N]1C=C2)C3=C(C=CC(=C3)F)OCC4=CC=NC=C4,4.606773376464844,-4.606773376464844,A0A9J7G2H7,False
E950C437D95B7493_CDEECEF004C06D2A_6039_UN,CSCCC(OCC(=O)NCCCN1CCCCCC1=O)C(=O)O,4.60768985748291,-4.60768985748291,A0A9J7G2H7,False
D9246AAF93BD2932_06FFA0E70D33E374_6038_UN,COC(=O)C(NC(=O)CSC(=S)N1CCCC1)CN2CCCCC2,4.60921573638916,-4.60921573638916,A0A9J7G2H7,False
E9C563C7F208764A_18107D77D154EB02_6031_UN,NCC(CC(=O)OCC2COC1(CCCC1)O2)C3CCCCCC3,4.62332820892334,-4.62332820892334,A0A9J7G2H7,False
338D1C78A693E456_31F1C5CE1BFFCE98_6031_DP,OC(=O)CCC(=O)OCCOC(=O)CCC(=O)OCCC(CN)N,4.62618350982666,-4.62618350982666,A0A9J7G2H7,False
C928AB4211804B7C_572FE16297DF7B7A_6038_UN,CCOC(=O)CC(SC(=O)C1CC2CCC1CC2=O)C(=O)OCC,4.626777172088623,-4.626777172088623,A0A9J7G2H7,False
F158931E7174E34E_88B1180D1A379807_6031_UN,COC(=O)N1CCCC(C1)C(=O)OCC2(CN)CC3CCC2CC3,4.627333641052246,-4.627333641052246,A0A9J7G2H7,False
72B7686F34441914_EFD5CF417F1E338E_7022_UN,C1(=CC=C[N]2N=CC=C12)OCCN3CCN(CC3)C4=CC=CC=C4,4.627568244934082,-4.627568244934082,A0A9J7G2H7,False
8486C12348655C46_C28BA8825094A898_6035_UN,O(CCOCCOCC1=CC=CC=C1)C3=C2C=CC=NC2=CC=C3,4.629112243652344,-4.629112243652344,A0A9J7G2H7,False
A3FB6F3E0F20EB32_F276895F36B838B7_6038_UN,COC(=O)[C@H](C)OC(=O)CC2C1=C(C=CC=C1)OC3=C2C=CC=C3,4.632011413574219,-4.632011413574219,A0A9J7G2H7,False
31B869625DF3E8EF_82B1248FBD546174_6039_UN,COC(=O)CSCCOCC(=O)NCCCN1CCCCCC1=O,4.633246421813965,-4.633246421813965,A0A9J7G2H7,False
4D89CA4656055AA3_FE3AA5C93E71F75F_6039_UN,O(C(C1=NC=C[NH]1)C2=CC=CC=C2)CC4CN3CC(CCC3=O)O4,4.6344146728515625,-4.6344146728515625,A0A9J7G2H7,False
6E3ACBBF8AA0D418_E45127655FB1A145_6038_UN,COC(=O)C(C)OC(=O)CC2C1=C(C=CC=C1)OC3=C2C=CC=C3,4.634540557861328,-4.634540557861328,A0A9J7G2H7,False
E76BEE4E324FF79E_EA9793D00DCB8FFB_6038_UN,CC(=O)C1=C(C(=CC(=C1)C)C(=O)C)OC(=O)CCN2CCCCC2,4.635166168212891,-4.635166168212891,A0A9J7G2H7,False
791535A0692FC7B0_83B17A16AFC9332F_6038_UN,O(C(C1=CC=CC=C1)C2=C(C(=CC=C2)Cl)Cl)C(=O)C3CC=CCO3,4.635560989379883,-4.635560989379883,A0A9J7G2H7,False
CC6AEA19492F809D_109D9969270F8973_6038_UN,CCOC(=O)CC(SC(=O)CCC1CC2CCC1C2)C(=O)OCC,4.635571479797363,-4.635571479797363,A0A9J7G2H7,False
A1D838DA244A7244_7913F266D3099390_6041_UN,C1(=NC2=C(C=C1)C=CC3=C2N=CC=C3)NC45CCCN(CCC4)C5,4.637340068817139,-4.637340068817139,A0A9J7G2H7,False
E01BAC77D7FD2BAE_EE90DBBBF0715EC0_6038_UN,CC(=O)C1=C(C(=CC(=C1)C)C(=O)C)OC(=O)CN2CCCCCC2,4.638392925262451,-4.638392925262451,A0A9J7G2H7,False
74309B9330FBDED6_3A094F6D1C731C19_6041_UN,C1(=CC(=CC=C1)C2=CC=NC=C2)NC35CC(C3)(C4=CC=CC=C4)C5,4.639858245849609,-4.639858245849609,A0A9J7G2H7,False
86935386E30DEB8E_B4A29688842464CD_7022_UN,C1(=CC=C(C=C1)OCCCN2CCCCC2)OCC3=NC=CN=C3,4.653219223022461,-4.653219223022461,A0A9J7G2H7,False
45FD428E2B90A66A_4D7EA0799FA2F472_6031_UN,O(C(=O)C2(CC(=O)N1CCOCC1)CCCC2)CCN(CC)CC,4.657973766326904,-4.657973766326904,A0A9J7G2H7,False
8CD7E657CE8B0257_FFFA001517CB1F36_6034_UN,ClC1=NC=C(C=C1)C3=NC2=C(C=CC=C2)N3CC4=NC=CC(=C4)Br,4.66044807434082,-4.66044807434082,A0A9J7G2H7,False
99127CA1B261B44F_7C366B2094831793_6031_DP,OC(=O)CCC(=O)OCCOC(=O)CCC(=O)OCCCC(N)=S,4.66187858581543,-4.66187858581543,A0A9J7G2H7,False
67BCB320BBAB4E93_0521EBF497DDE141_6039_UN,O(C(C1=CC(=CC=C1)F)C2=NC=CC=C2)CC3OCC4CCOC34,4.6618852615356445,-4.6618852615356445,A0A9J7G2H7,False
106CAB8EE6554BF7_CDFAEF0EE80F5A51_6004_UN,C1(=CC2=C(N=C1)OCO2)C3=C(C=CC(=C3)F)OCC4=NC=CC=C4,4.663891792297363,-4.663891792297363,A0A9J7G2H7,False
5D7066D451BE76F0_DEBFE03BBED0D4C2_6031_DP,N1CCC(CC1)C(N)C(=O)OCC2(CN)COCC3COCCN23,4.664943695068359,-4.664943695068359,A0A9J7G2H7,False
A3816BAE8C356FD5_9E0DAD696D31A027_6031_UN,O(C(=O)C1(CCCC1)C2=CC(=CC=C2)F)CC3=CC=C(C=C3)CF,4.6666259765625,-4.6666259765625,A0A9J7G2H7,False
7FF35429782D958D_EEE1A62467C26EE5_6039_UN,O(C(C1=CC=CC=C1)C2=C(C=CC=C2)F)CC3OCC4CCOC34,4.670905590057373,-4.670905590057373,A0A9J7G2H7,False
AD7CA414B4A0E016_07E51BC5EA90AFA3_2201_UN,FC1(F)CCC5(CC2=C4C3=C(N=C12)N=CN=C3NC=C4)OCCO5,4.673286437988281,-4.673286437988281,A0A9J7G2H7,False
44436958F6B6EEBC_CE91C109F9E7572C_6039_UN,O(C(C1=CC=CO1)C2=CC=CC=C2)CC4CC3(CCCC3)C(=O)O4,4.674716949462891,-4.674716949462891,A0A9J7G2H7,False
1BB916102AA8F1B6_BD8AF1985CA33C7F_6031_UN,O(C(=O)CC1C2CCCC1CNC2)CC3(CN)CC4CCC3CC4,4.674848556518555,-4.674848556518555,A0A9J7G2H7,False
17FA42386866CF41_BF395625459B480D_6038_DP,COC(=O)C34CCC(COC(C2C1CCC(CNC1)C2)=O)(C3)OC4,4.678735733032227,-4.678735733032227,A0A9J7G2H7,False
13238BB13DC7A913_DE7DF1A3A07F9E9A_7019_UN,NC1=NC2=C(C(=N1)N)N=C(C=C[C@H](N)[C@@H](O)[C@@H](O)[C@H](O)CO)C=N2,4.6793999671936035,-4.6793999671936035,A0A9J7G2H7,False
733D41ECB800C4F1_79EE6FA1A0DC41F5_6031_UN,COC(=O)NCCC(=O)OCCC(N)C13CC2CC(CC(C1)C2)C3,4.679441452026367,-4.679441452026367,A0A9J7G2H7,False
B5A9DE612B5FE998_7DBB24867DF1A1C5_6031_DP,CC(N)C1=NOC=C1C(=O)OCC3=NC2=C(N=C(N)N=C2N)N=C3,4.690216064453125,-4.690216064453125,A0A9J7G2H7,False
6339AD27CC826978_B72E54DF93E663EC_7022_UN,C1(=CC(=CC=C1)C2=CC=NC=C2)NCCOCCC3=CC=CC=C3,4.690505027770996,-4.690505027770996,A0A9J7G2H7,False
44F09ECD07F33008_F4FCB0178B1DED2E_6006_UN,C1(=NC=C(N=C1)C2=CC=CC=C2)C3=CC(=CC=C3)C4=CC=NC=C4,4.693127632141113,-4.693127632141113,A0A9J7G2H7,False
1A4E95BBA667C079_038A7EDC3A01297D_7019_UN,CC=C[C@@H]([C@H]([C@@H]([C@@H](CO)O)O[C@H]1O[C@H](CO)[C@@H](O)[C@H](O)[C@H]1O)O)O,4.6949615478515625,-4.6949615478515625,A0A9J7G2H7,False
995992624E298738_CA7A798A2BC338B4_6031_UN,O(C(=O)C12CC(CC1)CNC2)CC4=NC3=C(N=C(N)N=C3N)N=C4,4.696643829345703,-4.696643829345703,A0A9J7G2H7,False
D8B70B7AE89CC107_CC6940A840B6F4BF_6035_UN,O(CCC1=NC=CC=C1)C2=CC=C(C=C2)OCCN3CCCCC3,4.69760799407959,-4.69760799407959,A0A9J7G2H7,False
D2E7D3DE70BEF02A_E7501D2377F3A488_6031_DP,N3CCN(CC(=O)OCC2CCC1(CCCCCCC1)O2)C(=O)C3,4.697816848754883,-4.697816848754883,A0A9J7G2H7,False
3F28601F4446BDAD_3E78F2C1B46C2B65_6038_UN,CCOC(=O)N(C)CCOC(=O)C1(CCCCC1)C2CCCCC2,4.7000508308410645,-4.7000508308410645,A0A9J7G2H7,False
3199015DA5A1EF16_5D9394B6F5295346_6039_UN,O(C(C1=CC=CC=C1)C2=C(C=CC=C2)F)CC4CC3(CC3)C(=O)O4,4.702009677886963,-4.702009677886963,A0A9J7G2H7,False
FA7DBE18E70A07CF_555C656549C22709_6031_UN,COC(=O)C=CC1=CC=C(O1)C(=O)OCC23CCCN(CCC2)C3,4.702327728271484,-4.702327728271484,A0A9J7G2H7,False
135ABAE4BBB106BF_D795DE85B6D3D119_6031_UN,NC(CCC(=O)OCC2CC1(CCCC1)CO2)CN3CCOCC3,4.703136444091797,-4.703136444091797,A0A9J7G2H7,False
62A25306684B455F_1DD16F59DB1F0675_6038_UN,COC(=O)C(C)COC(=O)C(OC1=CC=CC=C1)C2=CC=CC=C2,4.704387664794922,-4.704387664794922,A0A9J7G2H7,False
3BAEB1837A914FDB_EE14368340111464_6004_UN,C1(=C(N=CC=N1)C2=CC=CC=C2)C3=CC(=CC=C3)C4=CC=CC=C4,4.707876205444336,-4.707876205444336,A0A9J7G2H7,False
6BDD539362E610A6_26C8C352CAA35DB9_6038_UN,CC(=O)C(OC(=O)C1CCCCC1C2CCCO2)C3=CC=CC=C3,4.709712982177734,-4.709712982177734,A0A9J7G2H7,False
9CE5B9D584B899D5_F4061E2E56A1D633_6031_UN,CCOC1(CC(C)(C1)C(=O)OCC2(OCC)CCOCC2)OCC,4.711184024810791,-4.711184024810791,A0A9J7G2H7,False
C9D0C380530015F8_4E71C7C99A9CE851_6004_UN,C1(=C(N=CC=C1)C2=NC=CC=C2)C3=CC(=CC=C3)C4=CC=CC=C4,4.711268424987793,-4.711268424987793,A0A9J7G2H7,False
FC358DA70FE51B3C_02F0554B15F8DDD6_6038_DP,N3CCCC(OC(=O)C2(CC(=O)N1CCOCC1)CCCC2)CC3,4.712683200836182,-4.712683200836182,A0A9J7G2H7,False
286A7660CD90EFD6_BB8ECE5076E6FE46_6038_UN,COC(=O)C(OC(=O)C(C1=CC=CC=C1)[N]2C=CC=C2)C3CCC3,4.71332311630249,-4.71332311630249,A0A9J7G2H7,False
857CD9B95939B5EC_F0E468F1958981D9_6031_UN,COC(=O)N1CC2CCC1C(C2)C(=O)OCC34CC(CO3)CCC4,4.7147016525268555,-4.7147016525268555,A0A9J7G2H7,False
14723134DB726ECD_AA07E7756FCC0206_6038_UN,COC(=O)C(NC(=O)CC1CCCC2CCCCC12)CCC(=O)N,4.7174577713012695,-4.7174577713012695,A0A9J7G2H7,False
3D79CA7431ECF024_0341337CAD58A325_6039_UN,O(C(C1=CC=CC=C1)C2=C(C=CC=C2)F)CC4CC3OCCC3O4,4.717467308044434,-4.717467308044434,A0A9J7G2H7,False
C6843C7E2C3FE741_610031AC76E1B635_6038_UN,COC(=O)C(OC(=O)[C@@H]2CC1=C(C=CC=C1)CO2)C3=CC=CC=C3,4.718015193939209,-4.718015193939209,A0A9J7G2H7,False
4FC0DCE0287A5324_413481B2E6931388_6038_UN,NC(=O)C(OC(=O)C1CCCCC1C2CCCO2)C3CCOCC3,4.718608856201172,-4.718608856201172,A0A9J7G2H7,False
1DE6B4AFF23D704A_2667F087FD85EDAE_6038_UN,O([C@@H]1CCO[C@@H](C1)C2=CC=CC=C2)C(=O)C34CCC(F)(CC3)CC4,4.721505165100098,-4.721505165100098,A0A9J7G2H7,False
048F7EC146877D99_F99D6200E8890A10_6031_UN,C[N+](C)(CC(=O)OCCOCCOCCOCCCC)CC(=O)[O-],4.7219953536987305,-4.7219953536987305,A0A9J7G2H7,False
68D9C9765AE1FBD2_2011957400119379_6039_UN,O(C(C1=CC=CC=C1)C2=C(C=CC=C2)F)CC4CC3CCCC3O4,4.724177837371826,-4.724177837371826,A0A9J7G2H7,False
14DF21FF06CA89D9_D5E8C32F0CA56F05_6031_UN,CC(CCC(=O)C)CC(=O)OCC2CCC1(CCCCCCC1)O2,4.728466987609863,-4.728466987609863,A0A9J7G2H7,False
39D201855F701642_D1BBE98E91AAE78E_6031_UN,O(C(=O)C1(CCOCC1)C2CCOCC2)CC[N+](CC)(CC)CC,4.72861385345459,-4.72861385345459,A0A9J7G2H7,False
FEF1779C73829833_CDDF1A91B384A58E_7022_UN,C1(=CC(=CC=C1)C2=CC=NC=C2)NC35CC4CC(C3)CC(C4)(C5)F,4.730699062347412,-4.730699062347412,A0A9J7G2H7,False
01E117B7804B5D74_A56AFA0A736A5F52_6041_UN,C1(=NN=C[N]1C2=CC=CC=C2)NC3=CC(=CN=C3)C4=CC=CC=C4,4.732913017272949,-4.732913017272949,A0A9J7G2H7,False
1FCFFD3E487002AA_C2B8F28E72305BE8_7015_UN,CC1(C)OC[C@H](O1)[C@H]2COCCN2[S](=O)(=O)CCN3CCOCC3,4.733426094055176,-4.733426094055176,A0A9J7G2H7,False
06A2A83CE3AEA9B1_658452146684CD6F_6031_UN,CCCCCCOCC(=O)OCCOCCOCCOCCCC,4.73642635345459,-4.73642635345459,A0A9J7G2H7,False
FE958B8EF599911F_DA63205C5C4EEA4B_6039_UN,O(C(C1=CC=CC=C1)C2=CC(=CC=C2)F)CC3OCC4CCOC34,4.738747596740723,-4.738747596740723,A0A9J7G2H7,False
77258131C974D7E0_D2B4CD1518F7FEE6_7022_UN,C1(=CC=C(C=C1)C2=CC=CC=C2)NC35CC(C3)(C4=CC=CC=C4)C5,4.739189624786377,-4.739189624786377,A0A9J7G2H7,False
961EBEBDEC9FF48F_67AB72DB22D22748_6038_UN,COC(=O)C(OC(=O)C1OC(=O)C2=C1C=CC=C2)C3=CC=CC=C3,4.740209102630615,-4.740209102630615,A0A9J7G2H7,False
A789F3AAAB3E4111_3F39E0BB2CCA63FB_6034_UN,BrC1=CC2=C(C=C1)N(C3=C2CCCCCC3)C4OC(=O)C(=C4Cl)Cl,4.741280555725098,-4.741280555725098,A0A9J7G2H7,False
3F94401E7C61128F_E64B5AA37DDAB766_6031_UN,COC(=O)CC1(CC(=O)OCCOCCOCCOCCN)CC1,4.74272346496582,-4.74272346496582,A0A9J7G2H7,False
24050B550DEEC557_5C7F0CB3E690E745_6031_UN,O(C(=O)C2=CC1=CC=N[N]1C=C2)CC[N]3N=CC4=C(N)N=CN=C34,4.744576454162598,-4.744576454162598,A0A9J7G2H7,False
27BAEA5C9A347A3D_DB42AD5DC8D78FED_7022_UN,C1(=CC(=NC=C1)C(F)(F)F)OCC2=CN=C(C=C2)C3=NC=CC=C3,4.746415138244629,-4.746415138244629,A0A9J7G2H7,False
23AC2F58E9B66DDE_42B43DCE39140665_7022_UN,C1(=CC(=CC=C1)C2=CC=NC=C2)NC3=C[N](N=C3)C4=CC=CC=C4,4.750493049621582,-4.750493049621582,A0A9J7G2H7,False
81F62495403CE3DB_E49E99C131389FEC_6035_UN,CC1=C(C=CC(=C1)Br)COC2=CC(=CC=C2)OCC3=CC=CC=C3,4.752328872680664,-4.752328872680664,A0A9J7G2H7,False
CA23CB523D9CF179_5727C5CAEF0F68C6_6031_UN,CCN(CCOC)C(=O)COCC(=O)OCC(N)C1COCCC1,4.752693176269531,-4.752693176269531,A0A9J7G2H7,False
050436B4B9C640D4_DF2975E5884420FB_6039_UN,CC(C)OC(=O)N2CCCC(OCC(=O)N1CCCCCCC1)C2,4.756993293762207,-4.756993293762207,A0A9J7G2H7,False
8B92ABA173AAA9A0_62F30EFAC420BC2F_6039_UN,COC(=O)C34CCC(COCC2CN1CC(CCC1=O)O2)(C3)OC4,4.757102012634277,-4.757102012634277,A0A9J7G2H7,False
DFCADB9FF655B0A7_2A4712401A99A5D5_6031_UN,O(C(=O)[C@@H]2CC1=C(C=CC=C1)CO2)CC4=NC=C3OCCCC3=C4,4.7577362060546875,-4.7577362060546875,A0A9J7G2H7,False
0CC47ABF8D8C9A28_24EFE8F5F1FE3E39_6031_UN,O(C(=O)C2CCC1(CCOCC1)O2)CC(CN)CC3CCOCC3,4.7585248947143555,-4.7585248947143555,A0A9J7G2H7,False
0716CD4138BF3399_DAF5EEDF27C9CAA2_6034_UN,NCC2=NC1=C(N=CC=C1)N2CC3=CC4=C(C(=C3)Cl)OCCCO4,4.759235382080078,-4.759235382080078,A0A9J7G2H7,False
3FB4491E941AD919_D04D1EF739DCF485_6038_UN,CCOCC(NC(=O)CSCC(=O)N1CCOCC1)C(=O)OCC,4.7596893310546875,-4.7596893310546875,A0A9J7G2H7,False
A5FFB3F9C68B408D_06A3CAC195A38CF7_6038_UN,CC(C)OC(=O)[C@@H](C)OC(=O)C1(CCCC1)CN2CCOCCC2,4.759939193725586,-4.759939193725586,A0A9J7G2H7,False
483888BB1B5C4E61_6B8305CE44E0BC90_6039_UN,O([C@H]2CC1(CCCC1)OC3=C2C=C(C=C3)F)CC4=CC=CC(=C4)F,4.760852813720703,-4.760852813720703,A0A9J7G2H7,False
483888BB1B5C4E61_6BEA118FC8A40826_6039_UN,O([C@H]2CC1(CCCC1)OC3=C2C=C(C=C3)F)CC4=CC=CC(=C4)F,4.760852813720703,-4.760852813720703,A0A9J7G2H7,False
30162B1BFDD3AD37_E09ACCDA68487F68_6031_UN,O(C(=O)C1CCCCC12OCCO2)CC(CN)CC3CCOCC3,4.764723300933838,-4.764723300933838,A0A9J7G2H7,False
60ABB35960FC01F8_90E97A2D45803F40_6031_UN,O(C(=O)C1CCCCC1C2CCCO2)CC3(N)CCCCCCC3,4.766459941864014,-4.766459941864014,A0A9J7G2H7,False
65CDCE6378976ABE_EE8F57D0D0D38E43_6034_UN,ClC1=NC=C(C=C1)C3=NC2=C(C=CC=C2)N3CC4=C(C=CC=C4)I,4.766623497009277,-4.766623497009277,A0A9J7G2H7,False
55B6C588F3366270_6920F75164D41DCC_6031_UN,O(C(=O)CC2CCC1(CCOCC1)CO2)CC(CC)N(CC)CC,4.771453857421875,-4.771453857421875,A0A9J7G2H7,False
AE01926D2050A62C_6A78672B38CCA386_2201_UN,C13=NC5=C4C(=C1C2(CCCCC2)OC=C3)CCC4=CC6=C5CCC6,4.77166223526001,-4.77166223526001,A0A9J7G2H7,False
3E4D6C715B8597EB_8B3749D7B8AF4960_6039_UN,O(C(C1=C[NH]N=C1)C2=CC=CC=C2)CC4CN3CC(CCC3=O)O4,4.775778770446777,-4.775778770446777,A0A9J7G2H7,False
871446F58C92473B_DAB6FE76F9675FA4_6038_UN,COC(=O)C(C)C(C)OC(=O)C2C1=C(C=CC=C1)C3=C2C=CC=C3,4.77685022354126,-4.77685022354126,A0A9J7G2H7,False
30C27FCBC7CD45A0_D08D826C27A7AAE8_6031_UN,O(C(=O)CC1CN2CCN1CC2)CCOCCOCCOCCN,4.777448654174805,-4.777448654174805,A0A9J7G2H7,False
DA649077287125F3_B86E9D7DE0FCC9FA_6038_UN,C[C@@H](OC(=O)CN1C(=O)N(CC=C)C(=O)C1=O)C(=O)N2CCCC2,4.779820442199707,-4.779820442199707,A0A9J7G2H7,False
D18F7B74DF2812AD_DDE589D33CD63669_6038_UN,N(CC2(CN1CCOCC1)CCCCC2)C(=O)COC3CCOC3,4.780487537384033,-4.780487537384033,A0A9J7G2H7,False
6C67C512328B013E_2EF4860BF8A9C53C_6038_UN,COC(=O)C(OC(=O)C1OC=CCC1)C3=C2C=CC=CC2=CC=C3,4.783817291259766,-4.783817291259766,A0A9J7G2H7,False
09AEC07A3EAC508A_171DA434634DD891_6031_UN,CC1(CCCCCCC1)C(=O)OCCOCCOCCOCCN,4.786234378814697,-4.786234378814697,A0A9J7G2H7,False
B5D6B0B84284FBE3_949CA2426EA49A99_6039_UN,CC(C)OC(=O)N2CCC(OCC(=O)N1CCCCCCC1)CC2,4.7863664627075195,-4.7863664627075195,A0A9J7G2H7,False
8C857AC73B68C39E_E54A8EAB43718EC4_6031_UN,O(C(=O)C1CC2(CO1)CCOCC2)CC(CN)CC3CCOCC3,4.786741256713867,-4.786741256713867,A0A9J7G2H7,False
2EC0F6D74938ECCC_0FD8A4EA32572C56_6039_UN,O([C@@H]2CC1(CCCC1)OC3=C2C=C(C=C3)F)CC4=CC=CC(=C4)F,4.787718296051025,-4.787718296051025,A0A9J7G2H7,False
2EC0F6D74938ECCC_0FB1B0ABBE1398E0_6039_UN,O([C@@H]2CC1(CCCC1)OC3=C2C=C(C=C3)F)CC4=CC=CC(=C4)F,4.787718296051025,-4.787718296051025,A0A9J7G2H7,False
366DB5A62C1FD636_EBD9A65A400B0ACB_6038_UN,CC2(COC(=O)COC(C(CC(OC)=O)N1CCCCC1)=O)CC2,4.788984298706055,-4.788984298706055,A0A9J7G2H7,False
A90F1AE857F11088_B17841A12CBB92A2_7019_UN,C(C(=O)N1CCC2(CC1)OCCO2)=C[C@H](N)[C@@H](O)[C@@H](O)[C@H](O)CO,4.793003082275391,-4.793003082275391,A0A9J7G2H7,False
BF1A8FFFAA14062B_B1E9246CFB7D4FDA_6041_UN,C1(=CC=C[N]2C=NC=C12)NC(C3=CC(=CC=C3)F)C4=NC=CC=C4,4.793826103210449,-4.793826103210449,A0A9J7G2H7,False
8066D8DD75F3D9CE_D3128A3B3A754D8A_6041_UN,C1(=C(N=CC=N1)C2=CC=CC=C2)NC3=C[N](N=C3)C4=NC=CC=C4,4.794056415557861,-4.794056415557861,A0A9J7G2H7,False
B1B98D3A638A2F46_6BDE6F606224C461_6038_UN,CC(OC(=O)C1CCOC(O1)C2=CC=CC=C2)C3=NC=C(C=C3)F,4.797939300537109,-4.797939300537109,A0A9J7G2H7,False
80EB871761672002_830DBD36764722EE_6031_UN,O(C(=O)C3=NN=C2C=C1OCOC1=CC2=C3)CC4=C(N)N=CN=C4,4.800466537475586,-4.800466537475586,A0A9J7G2H7,False
F14128CEDA670009_375DAB3690304399_2201_UN,C12=NC6=C5C(=C1CC4=C3C2=CC=CC3=CC=C4)CCC5=CC7=C6CCC7,4.801227569580078,-4.801227569580078,A0A9J7G2H7,False
A3E40A18DA76609C_EA69A4B889EB7050_6038_UN,COC1(CCC1)C(COC(=O)CCCN2C(=O)CCC2=O)N=[N]#N,4.802180290222168,-4.802180290222168,A0A9J7G2H7,False
60589B7ABB54894E_F0F371F6607EB63D_6038_UN,COC(=O)C(OC(=O)C2COC1=C(C=CC=C1)O2)C3=CC=CC=C3,4.80954647064209,-4.80954647064209,A0A9J7G2H7,False
940CAA0B0AE2A64C_C3C42D76B3F0818B_6038_UN,CCCC(CNC(=O)C1CC2CCCCC(C1)C2=O)C(=O)OCC,4.822632789611816,-4.822632789611816,A0A9J7G2H7,False
B5EFFC16B8ED890D_EE9498398168192B_6041_UN,C1(=C(N=CC=N1)C2=CC=CC=C2)NC3=C(ON=C3)C4=CC=CC=C4,4.823763847351074,-4.823763847351074,A0A9J7G2H7,False
8A8149BA03642E99_8630BE4E4E9139FE_6041_UN,C1(=CC=NC2=NC=C[N]12)NC(C3=CC=C(C=C3)F)C4=CN=CC=C4,4.825003623962402,-4.825003623962402,A0A9J7G2H7,False
C516E49CDD60545E_8DA6924E64701886_6038_UN,N(C(C(=O)N)C(=O)N)C(=O)C1=CC2=C(C=C1)C(=O)N(CC=C)C2=O,4.825692176818848,-4.825692176818848,A0A9J7G2H7,False
3D65289763A6423B_B39286C2DE167E5F_6038_UN,CC(=C)CCCNC(=O)CC2(CC(=O)N1CCOCC1)CCCC2,4.834816932678223,-4.834816932678223,A0A9J7G2H7,False
44CFBA5FC97EC791_B65293E21DE1E05C_6038_UN,N(CCC2CCC1(CCOCC1)CO2)C(C(OCCOCC)C)=O,4.835446357727051,-4.835446357727051,A0A9J7G2H7,False
573ACE98199DAD4C_107982B716496FDB_6038_UN,CCN(CC)C(C)COC(=O)[C@@H]1CC[C@@H](O1)C(=O)N2CCOCC2,4.837249755859375,-4.837249755859375,A0A9J7G2H7,False
A584C22D10045B6A_60C34654A102DC08_6038_UN,O([C@@H]1C[C@H]2C[C@@H]1CC23OCCO3)C(=O)[C@@H]4C[C@H]4C5=C(C=CC=C5)F,4.840555191040039,-4.840555191040039,A0A9J7G2H7,False
5F3E34071F570838_BAF03B3176EB5AFB_6039_UN,CN(CCOCC(=O)NCCCN1CCCCCC1=O)C2CCC2,4.842214107513428,-4.842214107513428,A0A9J7G2H7,False
9DA5324D25B637C7_59789C64E86CD569_6038_UN,CCN(CC)C(C)COC(=O)CCN2C(=O)C1=C(CCCC1)C2=O,4.844078540802002,-4.844078540802002,A0A9J7G2H7,False
B52AAA965B83BF5E_AF63F34B92ACFC67_6031_UN,CC(=O)OC12CC(C1)(C(=O)OCCOCCOCCOCCN)C2,4.844265937805176,-4.844265937805176,A0A9J7G2H7,False
AC28E7E0BDE64CE3_D5DDE91E63045B76_6038_UN,COC(=O)C(OC(=O)C1CC=CC2=C1C=CC=C2)C3=CC=CC=C3,4.8469438552856445,-4.8469438552856445,A0A9J7G2H7,False
087E0D17F374B035_B92C6E418BEB09EF_6031_UN,O(C(=O)CCCOC1CCOCC1)CC(CN)CC2CCOCC2,4.847467422485352,-4.847467422485352,A0A9J7G2H7,False
FF8BB3DB97A43C33_C691EBB75BFCC11E_6031_UN,O(C(=O)CC1CC2(CO1)CCOCC2)CC(CN)CC3CCCC3,4.848091125488281,-4.848091125488281,A0A9J7G2H7,False
FF8BB3DB97A43C33_18BE0E3644B47B2A_6031_DP,O(C(=O)CC1CC2(CO1)CCOCC2)CC(CN)CC3CCCC3,4.848091125488281,-4.848091125488281,A0A9J7G2H7,False
A83D0DE014093162_7E1EC22AA2F04B9A_6039_DP,O[C@H]3C[C@@H](OCC(=O)N1CCC(CC1)C(=O)N2CCCCCC2)C3,4.848459243774414,-4.848459243774414,A0A9J7G2H7,False
9F83A3C4B2276338_B5EA759E298DB32B_6041_UN,C2(=C1C=CC=NC1=CC=C2)NC3C5CCC3CC4=C(C=CC=C4)C5,4.84942626953125,-4.84942626953125,A0A9J7G2H7,False
8C349A06698CB8D1_D239E737721DBFC5_6038_UN,CC(NC(=O)C1CC=CCO1)C(C2=C(C=CC=C2)C)[N]3N=CC=C3,4.851313591003418,-4.851313591003418,A0A9J7G2H7,False
E64B787412F69C9C_84E769E0B297597A_6038_UN,CN3CCC1=C(C=CC=C1)C(OC(=O)CC2=C(C=C(C=C2)F)F)C3,4.855748176574707,-4.855748176574707,A0A9J7G2H7,False
D97327555FE7C7B9_D8905DBE27C8D7E7_2201_UN,C23=NC1=C(C=CC=N1)C(=C2CN4CCOC3C4)C5=CC=C(C=C5)F,4.859695911407471,-4.859695911407471,A0A9J7G2H7,False
EAA87B0A5420A18A_27CB262B56B48DE3_6038_UN,N(C1=CC2=C(C=C1)N=CNC2=O)C(C4=C(N)[N]3N=CN=C3N=C4)=O,4.864581108093262,-4.864581108093262,A0A9J7G2H7,False
DA492A2DAFF80F6F_16714E2485D871D4_2201_UN,C12=NC6=C5C(=C1CC4=C3C2=CC=CC3=CC=C4)C=CNC5=NC=N6,4.866819381713867,-4.866819381713867,A0A9J7G2H7,False
81A8FD465AA1AFAB_3614675B327C05B2_6039_UN,O([C@@H]2CC1(CCCC1)OC3=C2C=C(C=C3)F)CC4=CN=CC(=C4)F,4.86785888671875,-4.86785888671875,A0A9J7G2H7,False
8ECF4B2049861C9D_7BBF5E8F8B18EEB9_2201_UN,C12=NC5=C4C(=C1CCCC3=C2C=CC=C3)CCC4=CC6=C5CCC6,4.870720386505127,-4.870720386505127,A0A9J7G2H7,False
E62DD6645A146BFC_8265C2A6764433FE_6035_UN,CNC1=NC=CC(=C1)COC2=C(C=CC=C2)OCC3=CC=CC=C3,4.872114181518555,-4.872114181518555,A0A9J7G2H7,False
F77C8EE70E50C8E9_2730C4CC00707AF6_6039_UN,O(CC1=NN=C2COCC[N]12)CCOCCOCC3=CC=CC=C3,4.875775337219238,-4.875775337219238,A0A9J7G2H7,False
9378A1BE3D8F9C5B_F938588CB179ADC2_6038_UN,CCN(CC)C(C)COC(=O)C1CCCCN1C(=O)C2CCCO2,4.879631042480469,-4.879631042480469,A0A9J7G2H7,False
374B536327F38945_6222056DC1CDB488_7022_UN,C1(=CC(=CC=C1)C2=CC=NC=C2)NC3=CC(=CC=C3)C4=NC=CO4,4.879727840423584,-4.879727840423584,A0A9J7G2H7,False
2CC7F162C5BD8679_78F30C23B5370363_6031_DP,NC1(CCC2(CC1)OCCO2)C(=O)OCC(CCN(CC)CC)N,4.880870819091797,-4.880870819091797,A0A9J7G2H7,False
CB32411E2342034D_9025513478D0F486_6038_UN,CCN(CC)CCNC(=O)C1CCN(CC1)C(=O)N2CCOCC2,4.8831024169921875,-4.8831024169921875,A0A9J7G2H7,False
8DE1887C9C2F3DF3_96ECF382FDFECD9E_6038_UN,CCN(CCOC(=O)CCN2C(=O)C1=C(CCCC1)C2=O)C(C)C,4.886382102966309,-4.886382102966309,A0A9J7G2H7,False
0CC73C45CE4342D6_FF43BE7F0B962B73_6039_UN,CNC(=O)C1=CC=C(C=C1)OCC2=C(OC(O2)=O)C3=CC=CC=C3,4.886538505554199,-4.886538505554199,A0A9J7G2H7,False
310E71B69AED10AE_1716FE47A76B710E_2201_UN,CN1CCC4(CC1)C2=CC5=C(N=C2C3=C(C=CC=C3)O4)C(=NC=C5)Br,4.887237071990967,-4.887237071990967,A0A9J7G2H7,False
31CEF9A39FF912D3_4792CA6A4961CBFD_6031_UN,CC(=O)N2CCC(CCC(=O)OCC1(CC=C)CCOCC1)CC2,4.888045310974121,-4.888045310974121,A0A9J7G2H7,False
1A9057F1FAC4B4B1_D0A775939EC9A352_6041_UN,C1(=NC=NC(=C1)C2=NC=CC=N2)NC3=CC(=CC=C3)[N]4C=CC=C4,4.892352104187012,-4.892352104187012,A0A9J7G2H7,False
02115011018D0094_15E7C0FB783007CC_7015_UN,ClC1=CC=C(C=C1)C2CCCCCN2[S](=O)(=O)C3=CC=C(C=C3)Cl,4.893009185791016,-4.893009185791016,A0A9J7G2H7,False
A3DC0326B6531307_794C1A8787302AE3_6041_UN,C2(=NC=C1C=CC=CC1=C2)NC3C5CCC3CC4=C(C=CC=C4)C5,4.894553184509277,-4.894553184509277,A0A9J7G2H7,False
C0962E41A3BBEEB1_5AF22FD065CEB4D9_6031_UN,O(C(=O)CCC1CCC(O1)C2OCCO2)CC(CN)C3CCOC3,4.8988518714904785,-4.8988518714904785,A0A9J7G2H7,False
E3DE4D9B85743D44_AD6768177469E708_2201_UN,CN1CCC4(CC1)C2=CC5=C(N=C2C3=C(C=CC=C3)O4)C(=CC=C5)Cl,4.900087356567383,-4.900087356567383,A0A9J7G2H7,False
2036E37B2DF56F5C_3D7B7654947D8E83_6031_UN,CCN(CC)CC(F)C(=O)OCC2CCC1(CCCCCCC1)O2,4.900594711303711,-4.900594711303711,A0A9J7G2H7,False
2A19548D9244ED58_E2A36421BABAB136_6035_UN,O([C@@H]2CC[C@@H]3CN(CC1=CC=CC=C1)C[C@H]23)C4=C(C(=CC=C4)Br)F,4.904598236083984,-4.904598236083984,A0A9J7G2H7,False
EDF32CC5E043F74A_C5E50B4D38EF37DE_6038_UN,CC1=C(C=C(C=C1NC(=O)CC2=CC=C(C=C2)[N]3C=CC=C3)F)F,4.904763221740723,-4.904763221740723,A0A9J7G2H7,False
4AEAC67E797D83EF_37F5CA12C0B96834_6038_UN,N(CCC2CCC1(CCOCC1)CO2)C(CN(CC)C(=O)C=C)=O,4.905734062194824,-4.905734062194824,A0A9J7G2H7,False
10AADC44F7E32C63_C8C7A8917CCBDE27_2201_DP,N1CCC3(CC1)C2=C5C4=C(N=C2C=CO3)C6=C(C=C4CC5)CCC6,4.910899639129639,-4.910899639129639,A0A9J7G2H7,False
89C6AABB1BFB9DB7_8B3B57BBF57A600C_6009_UN,C2(=CC1=C(C=CC=C1)C2)C3C5=C(NC4=C(C3)C=CC=C4)C=CC=C5,4.911367416381836,-4.911367416381836,A0A9J7G2H7,False
5F94EDBA81E78415_F26B57561231C9C0_2201_UN,C13=NC6=C5C(=C1CCC24OCCC2CC34)CCC5=CC7=C6CCC7,4.914375305175781,-4.914375305175781,A0A9J7G2H7,False
BF3FE135A0BB24D0_1509FDE95ED0046A_6039_UN,CC2(C)C(COCC(=O)NCCCN1CCCCCC1=O)C2(C)C,4.915901184082031,-4.915901184082031,A0A9J7G2H7,False
5DBF013253B5BEAF_5DEBA7FBD3A12FA6_6039_UN,O(C1C3CCCC1CN(CC2=CC=CC=C2)C3)CCC4=C[NH]N=C4,4.917409420013428,-4.917409420013428,A0A9J7G2H7,False
AFC4D05E9163B19D_52FBB84E396F930B_6038_UN,CC(=O)C1=C(C(=CC(=C1)C)C(=O)C)OC(=O)CC2CCCCCC2,4.920681953430176,-4.920681953430176,A0A9J7G2H7,False
636AB3095B94B506_E99BBB0B5F559411_6038_UN,N(CCN1C(C=CC1=O)=O)C(=O)CN2C(=O)N(CC=C)C(=O)C2=O,4.921502590179443,-4.921502590179443,A0A9J7G2H7,False
4A8E94898D9109E0_88D7B4B624FA10F2_6038_UN,N(CCC2CCC1(CCOCC1)CO2)C(C(CC(C)C)C(=O)N)=O,4.9254655838012695,-4.9254655838012695,A0A9J7G2H7,False
06E55021AD9606DD_E2DC61D1E4100502_6039_UN,O(CC1=CC(=CC=C1)C2=CC=C(C=C2)F)CC4CC3OCCC3O4,4.928061485290527,-4.928061485290527,A0A9J7G2H7,False
A4DE86E332A56553_5F09406E38640A08_6041_UN,C2(=C1N=CC=NC1=CC=C2)NC3C5CCC3CC4=C(C=CC=C4)C5,4.928647994995117,-4.928647994995117,A0A9J7G2H7,False
21C598E366A96337_3369DF66C9DA63FF_2201_UN,C12=NC5=C4C(=C1CCSC3=C2C=CC=C3)CCC4=CC6=C5CCC6,4.931272029876709,-4.931272029876709,A0A9J7G2H7,False
B9DA079D80FB7FFC_7B0878D50D4B0B19_6031_UN,COCCOCCOCC(=O)OCCOCCOCCOCCN,4.934135437011719,-4.934135437011719,A0A9J7G2H7,False
DE672F71F05C30CA_CCF7B5F53D0088FB_6041_UN,C1(=CC2=C(N=C1)C(=O)OC2=O)NCC3=NN=C4[N]3N=C(OC)C=C4,4.93776273727417,-4.93776273727417,A0A9J7G2H7,False
A9CE7DCB05267DF0_BA5E053902AFCE59_6041_UN,CC1=CC(=CN=C1)NCC2=CC=C(C=C2)CN3CCCCCCC3,4.937891960144043,-4.937891960144043,A0A9J7G2H7,False
CF53F6EE37C8AA31_893030F7AE0F3D5C_6031_UN,O(C(=O)C2CCOC1(CCOCC1)C2)CCNCCOCCOC,4.938958168029785,-4.938958168029785,A0A9J7G2H7,False
CC4D9E9A0C909860_F0BC153147B9C1C4_6038_UN,CCN(CC)CCCNC(=O)CCN2C(=O)C1=C(CCCC1)C2=O,4.940491676330566,-4.940491676330566,A0A9J7G2H7,False
BEA24FF5D1B4A1A3_089991D64894B9B7_6038_UN,CCOC(=O)[C@@H]3C[C@@H](OC(=O)C1COC2COCC12)[C@@H](C3)N=[N]#N,4.940880298614502,-4.940880298614502,A0A9J7G2H7,False
E6B59DDCB100768E_8B09501F13009003_6031_DP,NC12CC3CC(C1)CC(C2)(C3)C(=O)OCCC4C5CCN(C4)CC5,4.941470146179199,-4.941470146179199,A0A9J7G2H7,False
85965B2D28B81A25_6274F85DB5B8633F_6039_UN,O(CC12CC(CO1)CCC2)CC(=O)CC45CC3CC(CC(C3)C4)C5,4.945892333984375,-4.945892333984375,A0A9J7G2H7,False
ED665DEE537613FA_A3F5ACF3C1289BC6_6038_UN,O(C1=CC2=C(C=C1)N=CC=C2)C(=O)CCCC3=C(C=CC(=C3)F)F,4.946477890014648,-4.946477890014648,A0A9J7G2H7,False
92D25639C58A1294_98C10089A13A6FC0_6038_UN,CCC(COC(=O)[C@H]1O[C@H](CC1)CN2CCOCC2)N(CC)CC,4.946989059448242,-4.946989059448242,A0A9J7G2H7,False
DD4B715B96AD2CD4_6C6CE47AD0E5BEF3_6039_UN,O(CCCC2=N[N]1C=CC=NC1=N2)CCCSCC3=CC=CC=C3,4.9474334716796875,-4.9474334716796875,A0A9J7G2H7,False
0C34024FD8732AA3_EBE6F372347274B7_6039_UN,O(CC1CCCCN1CC2=CC=CC=C2)CCCC3=CC=CC=C3,4.947449684143066,-4.947449684143066,A0A9J7G2H7,False
7598CCDB8BE54046_35C223A4E133F7E9_6038_UN,N(CCC2CCC1(CCOCC1)CO2)C(CC(C)CCC(=O)C)=O,4.949164390563965,-4.949164390563965,A0A9J7G2H7,False
C425ADB0D98C3721_559BFCFAE7C36720_6031_UN,COC(=O)C(C)(F)C(=O)OCCOCCOCCOCCN=[N]#N,4.950981140136719,-4.950981140136719,A0A9J7G2H7,False
7DF052B180541BFE_646F356CA15CC7D8_6038_DP,O(CC1=CN=C(C=C1)C2=NC=CC=C2)C(C34CC(CNC3)(F)C4)=O,4.951159477233887,-4.951159477233887,A0A9J7G2H7,False
604CF703E501AFDB_5B3C25BE069B83BA_6038_UN,CC2=N[N]1C(=NN=C1C=C2)CNC(C4=C(N)[N]3N=CC=C3N=C4)=O,4.951298713684082,-4.951298713684082,A0A9J7G2H7,False
893F62731C669AE9_256B5F714E604DA7_6039_UN,O(CCC1=NN=C2COCC[N]12)CCOCCOC3=CC=CC=C3,4.9525885581970215,-4.9525885581970215,A0A9J7G2H7,False
D0A02922A59674E0_CEC0F9644DE1BED9_6038_UN,CCOC(=O)C(C)(CCCCCOC(CSSC)=O)C(=O)OCC,4.955327033996582,-4.955327033996582,A0A9J7G2H7,False
519E39D4276B4EF2_5CA6787D6C05451F_6031_DP,CC(N)C1=NC=C(S1)C(=O)OCC3=NC2=C(N=C(N)N=C2N)N=C3,4.9569244384765625,-4.9569244384765625,A0A9J7G2H7,False
6CCFCB607B6B9066_2CC69761E8902A9F_6039_UN,O(CC2=N[N]1CCOCC1=C2)CCOCCOCC3=CC=CC=C3,4.959234237670898,-4.959234237670898,A0A9J7G2H7,False
6AAC446EFB2E0B60_EA68F949F2DC50C1_6038_UN,CCCOC1=CC=C(C=C1)C(=O)CNC(=O)CN2CCCCCC2,4.960176944732666,-4.960176944732666,A0A9J7G2H7,False
D8932AC81E8A344B_33F36A415C59E33C_6031_UN,CC(N3C(=O)C2C1CCC(O1)C2C3=O)C(=O)OCC(CCOC)N,4.963504791259766,-4.963504791259766,A0A9J7G2H7,False
94E586FE13A57AFE_C7C6A3D7613E0773_2201_UN,C13=NC5=C4C(=C1C2(CCOCC2)OC=C3)CCC4=CC6=C5CCC6,4.965424060821533,-4.965424060821533,A0A9J7G2H7,False
F28C62F941811679_58750EA78BD11692_7005_UN,CC1=CC=C5C(=C1)N=C(C3C2=C(C=CC=C2)OC4=C3C=CC=C4)[NH]5,4.968186378479004,-4.968186378479004,A0A9J7G2H7,False
76631F4F53576FBC_DFAEB3DA658779CF_6038_UN,CC(OC(=O)CN2N=C1CCCCCN1C2=O)CC3CCCCO3,4.969064235687256,-4.969064235687256,A0A9J7G2H7,False
0BB74DE28E23E585_CD450D415924D215_6031_UN,NCC(CC(=O)OCCN(C)C1(CN)CCCCC1)C2CCCC2,4.970484733581543,-4.970484733581543,A0A9J7G2H7,False
AE5E6A4C1C61911D_CFCE9711E83C9780_6031_DP,N1C2CCC1C=C(C2)C(=O)OCC3(CN)COCC4COCCN34,4.9712934494018555,-4.9712934494018555,A0A9J7G2H7,False
E0C3FB6103416BEA_20F1664B0ECC40DE_6039_UN,O(CCCCCCCC1=CC=CC=C1)CC2=NN=C3C=CC=N[N]23,4.972790241241455,-4.972790241241455,A0A9J7G2H7,False
C09263700770E71F_DFEDED5103DB772C_6031_UN,O(C(=O)[C@@H]1CC[C@@H](O1)C(=O)N2CCOCC2)CCN(CC)C(C)C,4.9766154289245605,-4.9766154289245605,A0A9J7G2H7,False
A4A67955E01614CC_136655202101227F_6039_UN,O([C@@H]2CC[C@@H]3CN(CC1=CC=CC=C1)C[C@H]23)CC4=C(F)C=CC=C4,4.978130340576172,-4.978130340576172,A0A9J7G2H7,False
3B7F1B9939311D5A_E85708013C77ED51_6031_UN,CC(C)C(N1C(=O)C=CC1=O)C(=O)OCC(C=C)N2CCCCC2,4.9792985916137695,-4.9792985916137695,A0A9J7G2H7,False
E175ABE648CE1776_548C7448DC60C5EB_6038_UN,CCOCCN(CC)CCNC(=O)CC1CC2(CO1)CCOCC2,4.983323097229004,-4.983323097229004,A0A9J7G2H7,False
ACD5209B06CFEF1A_2354F8B767591701_6038_UN,CCOC(=O)C(NC(=O)CC2SC1(CCCC1)OC2=O)CCOC,4.984828472137451,-4.984828472137451,A0A9J7G2H7,False
3A2F6BB0ED518260_CCC6E292DDD60515_6038_UN,CC(OC(=O)CN1C(=O)N(CC=C)C(=O)C1=O)CC2=NC=CC=C2,4.986105918884277,-4.986105918884277,A0A9J7G2H7,False
E9A4157EE2DA9FDF_EF88F4FA536DA5A7_6038_UN,CC(C)(C)[Si](C)(C)OCCOCCOCCOC(=O)CCCC#N,4.987432479858398,-4.987432479858398,A0A9J7G2H7,False
643A8C144BC50E2C_09CB9BACC26C9F94_6034_UN,CC2=N[N]1C=NN=C1N(C2=O)CCCCCCCC3=CC=CC=C3,4.988268852233887,-4.988268852233887,A0A9J7G2H7,False
CF312A632B0CDA09_28A836D31B63777F_6039_UN,O(CCC1=NN=C2COCC[N]12)CCCOCCC3=CC=CC=C3,4.989315032958984,-4.989315032958984,A0A9J7G2H7,False
AFB13CCF91324255_E5956E645B4CF835_6039_UN,CCN(CC)C(C)COCC3CCC1(CCC2(CC1)OCCO2)O3,4.990303039550781,-4.990303039550781,A0A9J7G2H7,False
CEE85ED0EB4C5074_2D71F77CEB9F56F8_6031_UN,CCOC(=O)NCCCC(=O)OCCOCCOCCOCCCl,4.992753028869629,-4.992753028869629,A0A9J7G2H7,False
0A5CA82BE0AE38A1_E546CDCC52AF1533_6039_UN,O(CC1=NN=C2CCOCC[N]12)CCCOCCC3=CC=CC=C3,4.999862194061279,-4.999862194061279,A0A9J7G2H7,False
C2B5F11F6B961EEF_14DA28EFCBDCC003_6038_UN,CCOCCN(CC)CCNC(=O)CC1CCC2(CC1)OCCO2,5.000045299530029,-5.000045299530029,A0A9J7G2H7,False
8FD9D7E003D94D25_6F217BEEE8F74D5A_6038_UN,N(C1=C[N](N=C1)CC2=NC=CC=N2)C(=O)C3N4CCN(C3)CCC4,5.001867294311523,-5.001867294311523,A0A9J7G2H7,False
7D72924CA680357D_19865EA6A4E78659_2201_UN,C24=NC1=C(N=C(C=N1)Br)C=C2C3(CCOCC3)OC5=C4C=CC=C5,5.010054588317871,-5.010054588317871,A0A9J7G2H7,False
52F4086715364080_685C80D0FE78A1E7_6031_UN,CN1C(=O)N(CC(=O)OCC(COC(C)=O)OC(=O)C)C(=O)C1=O,5.011586666107178,-5.011586666107178,A0A9J7G2H7,False
772B827B82CFD4C4_E26DF59AF0F88C7D_6039_UN,COCCOC2=C(C=C1OCOC1=C2)COCCC3=NC=CC=C3,5.011709213256836,-5.011709213256836,A0A9J7G2H7,False
C440997DE42432D7_58162F99CE9E19CA_6031_DP,CC(N3C(=O)C2C1CCC(O1)C2C3=O)C(=O)OCC(CC=CC)N,5.013797760009766,-5.013797760009766,A0A9J7G2H7,False
BCBB1F0694484C22_60B005B525361E64_6041_UN,C1(=NC2=C(C=C1)N=CC=C2)NC3C5CCC3CC4=C(C=CC=C4)C5,5.01767635345459,-5.01767635345459,A0A9J7G2H7,False
0ED494B2E1BF38D1_7198DACD95AFAFD2_6039_UN,O([C@@H]2CC1(CCCC1)OC3=C2C=C(C=C3)F)CC4=CC=CC(=N4)F,5.022942066192627,-5.022942066192627,A0A9J7G2H7,False
0ED494B2E1BF38D1_F95DDB9545C9ECB3_6039_UN,O([C@@H]2CC1(CCCC1)OC3=C2C=C(C=C3)F)CC4=CC=CC(=N4)F,5.022942066192627,-5.022942066192627,A0A9J7G2H7,False
ED7944D019918C98_F04C20BC1590579A_6035_UN,O(CC1=C(N=CC=C1)Br)C3=CC2=CC=CC(=C2C(=C3)Br)C(OC)=O,5.025731086730957,-5.025731086730957,A0A9J7G2H7,False
C2A251BA376D19AC_4C6A2829B9A44613_6031_UN,CCCCCN(CC)CCC(=O)OCC1=NN=C2CCOCC[N]12,5.0292253494262695,-5.0292253494262695,A0A9J7G2H7,False
E7DFC9B406171025_5EA3911E1945BC7C_6038_UN,CCN(CC)C(C)COC(=O)CC1CCN(CC1)C(=O)OCC=C,5.029905796051025,-5.029905796051025,A0A9J7G2H7,False
0101C39830C10DA6_2F8963C0A9DDF6EE_6038_UN,CC(C)C1COCCC1OC(=O)C2(CCOCC2)C3CCCCO3,5.030819892883301,-5.030819892883301,A0A9J7G2H7,False
B22209E9329A82BE_CD224A9AAD1CB8BB_7005_UN,[NH]2C1=CN=C5C(=C1N=C2C34CCC(OC3(C)C)(C)CC4)C=CC=C5,5.030857086181641,-5.030857086181641,A0A9J7G2H7,False
D9F7B206D34AF07A_A2B09696EA421C98_7019_UN,CC(C)CNC(=O)NC(=O)C=CC1CCCCCCCCCCC1,5.038293838500977,-5.038293838500977,A0A9J7G2H7,False
443C3EE3D5A15851_EA70D6251F144B61_6038_UN,CC(C)OC[C@H](C)NC(=O)C2(CC(=O)N1CCOCC1)CCCC2,5.03873348236084,-5.03873348236084,A0A9J7G2H7,False
D92736D05BE3D5E8_5001A3684B5F96DC_6038_UN,CC(C)OC(=O)[C@@H](C)OC(CCN1C=C(C(N)=O)C(NC1=O)=O)=O,5.039145469665527,-5.039145469665527,A0A9J7G2H7,False
CFC190FADA19588B_3FED19583E8BD37A_6038_UN,CCOCCN(CC)CCNC(=O)CC2SC1(CCCC1)OC2=O,5.039489269256592,-5.039489269256592,A0A9J7G2H7,False
85081DD333171738_529A17B1FE07F0EB_6041_UN,FC1=C(C=C[N]2C=CN=C12)NC3(CCCCC3)C4=CC=C(C=C4)F,5.039854049682617,-5.039854049682617,A0A9J7G2H7,False
187E115AAB6E6F3D_3AF0096323BE5A53_2201_UN,C12=NC5=C4C(=C1SCCC3=C2C=CC=C3)CCC4=CC6=C5CCC6,5.041209697723389,-5.041209697723389,A0A9J7G2H7,False
3FCB9A97AF172E9F_D07C1D45F7893C75_6038_UN,COC(=O)C(C)C(NC(=O)C2C1CCCC1ON2)C3=CC=CC=C3,5.041473388671875,-5.041473388671875,A0A9J7G2H7,False
406C15A6F13B9667_1805D62FBD88D87F_6035_UN,O(CC1=CC(=CC(=C1)F)[N](=O)=O)C2=CC=C(C=C2)C3=CN=CC=C3,5.043655872344971,-5.043655872344971,A0A9J7G2H7,False
E1C25F980A5C8069_24106D206F030FB9_6041_UN,C1(=NC=C[N]2C=NC=C12)NCCC3=CC=C(C=C3)N4CCCCC4,5.046412467956543,-5.046412467956543,A0A9J7G2H7,False
87BEEF972CC28CF8_F0F02EBF5390BE73_6031_UN,O(C(=O)C1CC=CC2=C1C=CC=C2)CC(OC)C3=CC=C(C=C3)F,5.048333168029785,-5.048333168029785,A0A9J7G2H7,False
4CA25B251EDD5DB3_CE57D7F5CD3EF672_6038_UN,CN3CCOC(COC(=O)C2=C1OCCOC1=CC(=C2)[S](=O)(=O)Cl)C3,5.050240516662598,-5.050240516662598,A0A9J7G2H7,False
778265BDD831DE06_8DC14693CF6E0AB7_6031_UN,COC(=O)[C]2(C[C]1(C[CH2]C1)C2)C(=O)OCC(CCN(CC)CC)N,5.053262710571289,-5.053262710571289,A0A9J7G2H7,False
F77C8EE70E50C8E9_0E73229B8EF4D6D3_6039_UN,O(CCOCCOCC1=CC=CC=C1)CC2=NN=C3[N]2CCOC3,5.054805278778076,-5.054805278778076,A0A9J7G2H7,False
FC173C95A0F2F0EA_6ECBD5383D186976_6038_UN,CC(NC(=O)C1CCCCN1C(=O)C2CCCO2)C[N]3C=NC=N3,5.055802345275879,-5.055802345275879,A0A9J7G2H7,False
552BE21A012BCF08_4075A8604C2F866B_6038_UN,CCN3C(=C(NC(C1=N[N]2C(=N1)N=C(C)C=C2)=O)C(=O)NC3=O)N,5.060360908508301,-5.060360908508301,A0A9J7G2H7,False
1F18E734DFB7F351_1C55776151E807EB_7022_UN,CC1=C(C=CC(=C1)O[C@@H]3CC[C@@H]4CN(CC2=CC=CC=C2)C[C@H]34)F,5.068845748901367,-5.068845748901367,A0A9J7G2H7,False
9EBF8E54131FB00C_FBC9C487AEA1CEA1_2201_DP,N6CCCC1(CCCC2=C4C3=C(N=C12)C5=C(C=C3CC4)CCC5)C6,5.069245338439941,-5.069245338439941,A0A9J7G2H7,False
42493685F3317B19_EA9971B473BBA477_6031_UN,COC1(CCOCC1)C(=O)OCCOCCNCCN(CC)CC,5.072282314300537,-5.072282314300537,A0A9J7G2H7,False
209D6057480CB6C4_F15AF8C6F3709FF7_6038_UN,CCCCCC(OC(CCCCC(C)C(=O)C)=O)CC(=O)OCC,5.07283353805542,-5.07283353805542,A0A9J7G2H7,False
4132266D4182380C_C6E74E3C8F71CA09_6031_UN,O(C(=O)C1(CCOCC1)C2CCCO2)CC(CCN(CC)CC)N,5.075089454650879,-5.075089454650879,A0A9J7G2H7,False
32DEFF3B601AD82E_34CDD8C12DCD3079_6038_UN,CC(C)C1=CC=C(C=C1)C(C)OC(=O)CC3CC2(CCCC2)CO3,5.076465606689453,-5.076465606689453,A0A9J7G2H7,False
1083E0BCBD46D451_CF2A0345F3FC87C0_6034_UN,O=C1C3=C(N=CN1CC2=CC(=NC=C2)F)[N](N=C3)C4=CC=NC=C4,5.0778069496154785,-5.0778069496154785,A0A9J7G2H7,False
57D16568F87BFFB6_D94C9A74BEC33A91_6038_UN,N(CCCC(=O)NC(=O)N)C(=O)CN1C(=O)N(CC=C)C(=O)C1=O,5.078573226928711,-5.078573226928711,A0A9J7G2H7,False
12401510B1642B8F_00D712F08302B89E_6038_UN,CC(OC(=O)[C@@H]1CCCC[C@@H]1C(=O)N2CCCC2)CC3CCCO3,5.079566955566406,-5.079566955566406,A0A9J7G2H7,False
722A2C96018EEEED_1940CA7396BF27BD_6038_UN,CCOC2(COC(C1CCCN(C(N(CC)CC)=O)C1)=O)CCC2,5.083054542541504,-5.083054542541504,A0A9J7G2H7,False
660DA47FE2DD52E5_F73D001E06505425_6031_UN,CC(C)CC(C)OCCC(=O)OCCN(C)C1(CN)CCCCC1,5.085294723510742,-5.085294723510742,A0A9J7G2H7,False
05A2F6F732BACDA2_657812C7793FBCD9_6038_UN,CCOC2(COC(C1CCN(C(N(CC)CC)=O)CC1)=O)CCC2,5.086701393127441,-5.086701393127441,A0A9J7G2H7,False
E52B5272443D6643_93951C8926B0EA81_6038_UN,CCN(CC)CCC(C)NC(=O)CC2CCC1(CCOCC1)CO2,5.087624549865723,-5.087624549865723,A0A9J7G2H7,False
908A63BA6B8CC74A_2010A19DA510BEA8_6038_UN,CCCN(CCNC(=O)CC2CCC1(CCOCC1)CO2)C(C)C,5.088496208190918,-5.088496208190918,A0A9J7G2H7,False
5B36BACD28D27042_DC6608338BB419E8_6039_UN,COCCOCCOCCOCCC[Si](OCC)(OCC)OCC,5.091195583343506,-5.091195583343506,A0A9J7G2H7,False
CF544CF04E4214F2_BA1B82BE7BDC2E17_6039_UN,COCCOC2=C(C=C1OCOC1=C2)COCC3OC3CCCC,5.092582702636719,-5.092582702636719,A0A9J7G2H7,False
B56519D7D945882C_B2A87C48C21E78C4_6038_UN,O(CC12CCCCN1CCCC2)C(=O)C34CCCC3CC(=O)CC4,5.093596935272217,-5.093596935272217,A0A9J7G2H7,False
593B0896327B83A8_32A590A2F2A931D9_6038_UN,CC(NC(=O)C2=C[N](CC(=O)N1CCCC1)N=N2)CC3CCCO3,5.097692489624023,-5.097692489624023,A0A9J7G2H7,False
DDF608D40B29EC34_F3A456A90BEACF69_2267_UN,C(#CC23CC1CC(CC(C1)C2)C3)C4=CC=C(C=C4)C5=CC=CC=C5,5.100131988525391,-5.100131988525391,A0A9J7G2H7,False
444C411CD9322EB1_56442735D75A35A5_6038_UN,CC(NC(=O)C1CCCCN1C(=O)C2CCCO2)CC3=CC=NO3,5.104150772094727,-5.104150772094727,A0A9J7G2H7,False
60938A80B40CD3E5_E7DD1100C9AF3B03_7022_UN,CC(C)OCC1=CC(=CC=C1)OC(CCC2CO2)C3=CC=CC=C3,5.107695579528809,-5.107695579528809,A0A9J7G2H7,False
959C347BB770FE2F_B4CE36AB64FDC587_6039_UN,O(CCCCCCCC1=CC=CC=C1)CCCN2CCOCCC2,5.107702255249023,-5.107702255249023,A0A9J7G2H7,False
53EB72F7B1D59B9D_E8A18D2FAEEB2A45_6038_UN,CC1=NC=C(N=C1)CCNC(=O)C2=C(C=C(C=C2)C3=NN=N[NH]3)F,5.108362197875977,-5.108362197875977,A0A9J7G2H7,False
61880F54AEA5E845_04D11208A4AFEB16_6031_UN,O(C(=O)C1(CNCC1)C2CCOCC2)CCNCCOCCOC,5.109285354614258,-5.109285354614258,A0A9J7G2H7,False
7EBACE657BDC44CB_511F469A436B197F_6031_UN,O(C(=O)C2=C[N](CCN1CCOCC1)N=N2)CCN(CC)C(C)C,5.109968185424805,-5.109968185424805,A0A9J7G2H7,False
1726D5BBB0CB07CB_FFA543922E00156B_6039_UN,O([C@@H]2CC[C@@H]3CN(CC1=CC=CC=C1)C[C@H]23)CC4=CC=C(F)C=C4,5.112541675567627,-5.112541675567627,A0A9J7G2H7,False
05D060604291E89D_35538FBE7F8942C0_6038_UN,CC(C)OC(=O)N2CCC(OC(=O)C1(CC=C)CCOCC1)CC2,5.115617752075195,-5.115617752075195,A0A9J7G2H7,False
CB914E1860495F21_DAE71165C1EE2050_6039_UN,O(C13CC1CN(CC2=CC=CC=C2)C3)CCSCC4=CC=CC=C4,5.115627288818359,-5.115627288818359,A0A9J7G2H7,False
9687960BDCF486DD_2DE8A335973EC28B_7019_UN,CCOC(=O)C1=C(NC(=O)C=CC(CC)(C)OC)SC2=C1CCC2,5.1184492111206055,-5.1184492111206055,A0A9J7G2H7,False
0DE6A3F94E5D95A5_ABF9A5946116C783_6038_UN,CCN(CC)CCC(C)NC(=O)C1(CCOCC1)C2CCOCC2,5.119027614593506,-5.119027614593506,A0A9J7G2H7,False
50D0463F4029E82A_9F096D3CC4435507_6039_UN,O(CC1CCC2C(CC1)C2(F)F)CC3COC(O3)C4=CC=CC=C4,5.121641635894775,-5.121641635894775,A0A9J7G2H7,False
E848F7D938787AFF_82961D02D514DA3C_6038_UN,COC(=O)CC1(CCOCC1)CNC(CSCCN(CC)CC)=O,5.122262001037598,-5.122262001037598,A0A9J7G2H7,False
B4C6CCE681E683DA_FFFFD908843C4D68_6041_UN,C1(=NC2=C(C=C1)C=CC=N2)NC3C5CCC3CC4=C(C=CC=C4)C5,5.12441349029541,-5.12441349029541,A0A9J7G2H7,False
30649259D1879A8D_275C7ADFC3C2E072_6038_UN,CCN(CCOC(=O)CCC1CCC(O1)C2OCCO2)C3CCC3,5.126469135284424,-5.126469135284424,A0A9J7G2H7,False
66A55AEACE59B2ED_6C4D86FC8CDB086A_7019_UN,CC1=CC(=C(C=C1)C=CC3=C(OC2=CC=CC(=C2)F)C=CC=C3)C,5.126492977142334,-5.126492977142334,A0A9J7G2H7,False
24FCD8742144C99B_03EA83CF91F219B0_6038_UN,COC(=O)[C@@H]1CCC[C@@H]1NC(=O)CN2C(=O)N(CC=C)C(=O)C2=O,5.127863883972168,-5.127863883972168,A0A9J7G2H7,False
E5AEF12A68A1E4A0_7C73BF3AB11B85CE_6031_UN,CC(N2C(=O)NC1(CCCC1)C2=O)C(=O)OCCN(CC)CCN,5.127926349639893,-5.127926349639893,A0A9J7G2H7,False
6F8451F9FC4B3637_A138157C6C1BC68A_6038_DP,OC(=O)[C@@H]1CC[C@H](CC1)CNC(CCN(CCCCC)C(C)C)=O,5.133069038391113,-5.133069038391113,A0A9J7G2H7,False
218DB3ED502898AC_F411C03262C87F59_6031_UN,O(C(=O)C1C2CCC(C1)CN2)CCNC4=NC3=C(N)[NH]C=NC3=N4,5.135657787322998,-5.135657787322998,A0A9J7G2H7,False
5CF2A4D67351ED19_F743289E7576BC9C_2875_UN,BrC1=C[N](N=C1)[C@@H]2COC[C@@H]2[N]3N=NC(=C3)C4CC5(C4)OCCO5,5.13808012008667,-5.13808012008667,A0A9J7G2H7,False
FC3FE1BC5981B062_8C406B5FD6B92B5E_2201_UN,C13=NC6=C5C(=C1C2(OCCO2)C4=C3C=CC=C4)C=CNC5=NC=N6,5.139739990234375,-5.139739990234375,A0A9J7G2H7,False
6B462B99E490B9A8_0182DFE0FF7291F7_6039_UN,O(C1CCCC2(C1)OCCO2)CC3=CC=C(OCC(F)(F)F)C=C3,5.140116214752197,-5.140116214752197,A0A9J7G2H7,False
459E212D8CD0421C_B8E36048ED0C4CCF_6031_UN,CC(C)C1=C(N=C2[N]1CCCC2)C(=O)OCC(CC)N(CC)CC,5.140337944030762,-5.140337944030762,A0A9J7G2H7,False
61845AF1FEE47001_C55B0C1BEE7AFE3A_6035_UN,O(C12CCCC(C1)C3=C(N2)C=CC=N3)C5=C(N)C4=NON=C4C=C5,5.143698692321777,-5.143698692321777,A0A9J7G2H7,False
961DAF4C3D1AF0A8_2110659BEF8CAC21_6038_UN,CCCN(CCC)CCNC(=O)CCC1CCC(O1)C2OCCO2,5.146902561187744,-5.146902561187744,A0A9J7G2H7,False
3BF202C2D7FF88AF_7602F36E236D6434_7019_UN,C(C2COC1(CCOCC1)O2)=CC3CCCCCCCCCCC3,5.1473493576049805,-5.1473493576049805,A0A9J7G2H7,False
38EE5F65EB3AF0FE_A175B03EA7D7B621_6031_UN,COC1(CC(=O)OCCOCCNCCN(CC)CC)CCCC1,5.149656772613525,-5.149656772613525,A0A9J7G2H7,False
56D29E0392AC499B_4EF1D4DC7C2EFABA_6031_UN,CC(N2C(=O)NC1(CCCC1)C2=O)C(=O)OCCCN(CC)CC,5.152785778045654,-5.152785778045654,A0A9J7G2H7,False
864AE25DD337FBE9_298F40843169BE78_6041_UN,C1(=CC(=CC=C1)[N]2C=CN=N2)NC3C5=C(C4CCC3C4)C=CC=C5,5.153783798217773,-5.153783798217773,A0A9J7G2H7,False
07D280C9EEFC9B93_641F8DC676D26CDF_6038_UN,CCN(CC)C(C)CNC(=O)CC1CCN(CC1)C(=O)OCC=C,5.153977870941162,-5.153977870941162,A0A9J7G2H7,False
E5771AE9A410CA38_37C77219BED97E5B_6031_UN,O(C(=O)CC1CC2(CO1)CCOCC2)CC(CCN(CC)CC)N,5.15959358215332,-5.15959358215332,A0A9J7G2H7,False
B163EF9D114C2CC3_4511C4054F78C5B3_6038_UN,O(C1=C(C(=NC=C1)Cl)F)C(=O)C2C3CC2(CO3)C4=CC(=CC=C4)F,5.16168212890625,-5.16168212890625,A0A9J7G2H7,False
7284CA55CDAD0820_8A7E80A4E04B3FE5_6039_UN,CC(OCC(=O)NC(=O)NCC=C)C(NC(=O)C1CC1C)C(=O)O,5.165792465209961,-5.165792465209961,A0A9J7G2H7,False
A1E234C8D23E5758_3ED5173BFE416F22_2201_UN,ClC1=C(C3=C(C=C1)C2=NC5=C4C(=C2CCO3)C=CNC4=NC=N5)Cl,5.1675801277160645,-5.1675801277160645,A0A9J7G2H7,False
BDEAF01ABE4C1E29_F00F646DFB8E8A2B_7005_UN,N2=C(COCCCCCCCC)[NH]C3=CC1=C(OCCCO1)C=C23,5.168095588684082,-5.168095588684082,A0A9J7G2H7,False
701857EE2D6DFA20_A74099F9D8D418A8_2201_UN,C13=NC5=C4C(=C1CC2(CCOCC2)C=C3)CCC4=CC6=C5CCC6,5.172368049621582,-5.172368049621582,A0A9J7G2H7,False
04B1675DBF7C7451_D9E8586EAA4CF3B4_6031_UN,O(C(=O)C1(CCC1)C2(CCC2)C=C)CCN(CCCC)CCCC,5.183218002319336,-5.183218002319336,A0A9J7G2H7,False
0340D5B765B4D65A_A28D6133B80FF0C8_6031_UN,COCCOCCOCCOCC(C)(C)C(=O)OCCOCCC,5.183263778686523,-5.183263778686523,A0A9J7G2H7,False
4C5ECB0EB44939A5_F53529C4F01D8B1F_2201_DP,N1CC2CC1C3=C(C4=C(N=C23)C5=C(O4)C=CC=C5)C6=CC=CC=C6,5.1840901374816895,-5.1840901374816895,A0A9J7G2H7,False
A56A30FFC0BB41FB_CD6AC4B204D9A244_6035_DP,N1CC2CC1CC2OC4=C3C=CC=CC3=NC(=N4)C5=CC=NC=C5,5.186619758605957,-5.186619758605957,A0A9J7G2H7,False
72BCB9BDFE077F43_E7CC835E35A87E91_6031_UN,CC(N1C(C)CCC1C)C(=O)OCC3(C(N)C2CCCO2)CCC3,5.18817138671875,-5.18817138671875,A0A9J7G2H7,False
F22CDECF47A9A3D8_3059239E571DD175_6039_UN,O([C@H]1[C@H]3CC2C[C@@H]1CN(C2)C3)CC4=CC=C(OCC(F)(F)F)C=C4,5.188173294067383,-5.188173294067383,A0A9J7G2H7,False
267F338A36DB0BC6_BF07CD2FF45128D2_6041_UN,C1(=NC2=C(C=C1)C=C[NH]2)NC3C5=C(OC4=C3C=CC=C4)C=CC=C5,5.1884379386901855,-5.1884379386901855,A0A9J7G2H7,False
AE70F4899ADC5B2E_BD55AD918BD29E20_6039_UN,O([C@@H]2CC1(CCCC1)OC3=C2C=C(C=C3)F)CCCC[S](=O)(=O)Cl,5.1897687911987305,-5.1897687911987305,A0A9J7G2H7,False
C7D4D98A06F9E7D4_A526BB2BCBFE2756_6038_UN,CC(CCNC(CCN(CCCCC)C(C)C)=O)N1CCCCC1,5.195917129516602,-5.195917129516602,A0A9J7G2H7,False
59A932EB261E8A33_20F78EE4B5269688_6031_UN,CCC[C@@H](NC(=O)N)C(=O)OCCOCCOCCOCCCC,5.197757720947266,-5.197757720947266,A0A9J7G2H7,False
BBAEF55FF6A7ED4D_0FA573346A6DA46E_6038_UN,CCOC1CC(OC(CSCCN(CC)CC)=O)C12CCCCC2,5.201206684112549,-5.201206684112549,A0A9J7G2H7,False
144098840DA257AB_D0FEF3016D17A980_6031_UN,COC1(CCOCC1)C(=O)OCCC(CCCCCCCCC)C,5.202241897583008,-5.202241897583008,A0A9J7G2H7,False
0694A27EBA491B90_8D01F68E010BC4DE_6039_UN,O(C1=CC3=C(C=C1)OC2(CCCC2)O3)CCCCCCCCCC,5.207958698272705,-5.207958698272705,A0A9J7G2H7,False
F0D49764574D3A41_C02BBC019A02F5CF_6038_UN,CC(C)COC(=O)N2CCC(COC(=O)CC1OCCCO1)CC2,5.209107398986816,-5.209107398986816,A0A9J7G2H7,False
7978EC01AE32867E_F767184BB690A8D1_6038_UN,CCN(CC)CCCNC(=O)CC1CCN(CC1)C(=O)OCC=C,5.209587097167969,-5.209587097167969,A0A9J7G2H7,False
1993E689EB136C1F_DD7603DD00F796F8_6039_UN,O(CCSCCCC1=CC=CC=C1)CC3COC2(CCOCC2)O3,5.221435546875,-5.221435546875,A0A9J7G2H7,False
42CCE4B95AFD1C20_BB930ACF3846F1CB_6038_UN,CC(C)OC2CCC(COC(=O)CCC(=O)N1CCOCC1)CC2,5.221652984619141,-5.221652984619141,A0A9J7G2H7,False
7EE534D22C93B27D_694215F02FF73D89_6035_DP,N1CC2CC1CC2OC4=C3C=CC=CC3=NC(=C4)C5=CC=CC=C5,5.22606897354126,-5.22606897354126,A0A9J7G2H7,False
8CE97EC78A00F43F_7E1B73E4343C32AA_6038_UN,CCN(CC)CCCOC(=O)[C@@H]1[C@@H]([C@H]2CC[C@@H]1C2)C3=CC=CC=C3,5.230835914611816,-5.230835914611816,A0A9J7G2H7,False
411A8E6B630AAAC0_9F0E461A48149EAE_6038_UN,CC(C)C(NC(C(C)N1CCCCCC1)=O)C(=O)N2CCCCC2,5.233776092529297,-5.233776092529297,A0A9J7G2H7,False
D6F83CC8A029435D_DFD13305CCDC40BF_6041_UN,OC(=O)C1=NC(=CC(=C1)NC(CC2=NC=CC=N2)C(=O)O)C(=O)O,5.233880519866943,-5.233880519866943,A0A9J7G2H7,False
7A7BF01C48DDC278_AD291634B5212291_7005_UN,N4=C(C1CC2CCCCCCC12)[NH]C5=CC3=C(OCCCO3)C=C45,5.234286785125732,-5.234286785125732,A0A9J7G2H7,False
53B1EC861415C079_785230055BCC3C77_6031_UN,CC(C)CC(C)OCCC(=O)OCCOCCOCCOCCN,5.2347025871276855,-5.2347025871276855,A0A9J7G2H7,False
B5A403E89DCF0DBC_38EB7A35B8632E91_6031_UN,CCC(C)C[C@H](N)C(=O)OCCCOCCOCCOCCOC,5.241952419281006,-5.241952419281006,A0A9J7G2H7,False
4E6BCD1B111A4003_DD5196DF79EB166F_6038_UN,N(CCC2CCC1(CCOCC1)CO2)C(C(CN(CC)CC)F)=O,5.243553638458252,-5.243553638458252,A0A9J7G2H7,False
CB76055CB10AF4A7_555F813C7CE6982A_6031_UN,O(C(=O)C2CCOC1(CCOCC1)C2)CC(N)CC3=NC=CC=C3,5.245988845825195,-5.245988845825195,A0A9J7G2H7,False
5ADD3C2850B20C2A_C6CB4B7B10E56A32_6038_UN,CCN(CC)C(CNC(=O)C(C1CC1)N2CCOCC2)CC(C)C,5.246726989746094,-5.246726989746094,A0A9J7G2H7,False
181CE228D92F4663_4E03F6F9598193A0_6038_UN,CCN(CC)C(CNC(C(C)C(=O)N1CCOCC1)=O)CC(C)C,5.2503662109375,-5.2503662109375,A0A9J7G2H7,False
2AC96F67CCF9D4AF_7FAFD55ED2C6CA80_7019_UN,O=[N](=O)C1=CC2=C(C=C1)N=C(C=C[C@H](N)[C@@H](O)[C@@H](O)[C@H](O)CO)[NH]2,5.25071907043457,-5.25071907043457,A0A9J7G2H7,False
D1D6B770066ED589_34F4C5A099E17B16_6038_UN,CCCCCC(OC(CCCOCCOCC)=O)CC(=O)OCC,5.2511115074157715,-5.2511115074157715,A0A9J7G2H7,False
100947BAB9C47174_1D613AD0EABF6054_6038_UN,CCCCOCCOCCOCCOC(CCOCCOCC)=O,5.252617359161377,-5.252617359161377,A0A9J7G2H7,False
F4978C6DF6D6E62B_98C4BE4BB490AF7C_7019_UN,O=[N](=O)C1=CC2=C(C=C1)OC(=N2)C=C[C@H](N)[C@@H](O)[C@@H](O)[C@H](O)CO,5.255764961242676,-5.255764961242676,A0A9J7G2H7,False
2B6F7D90ADF0E734_029F5781DB869D12_6031_UN,C[C@@H]1ON=C([C@H]1C)C(=O)OCC2=C[N](CC(OCC)OCC)N=N2,5.259165287017822,-5.259165287017822,A0A9J7G2H7,False
7AD83F2227725FD9_AFB9C4738BE410EB_2201_DP,N1C4CCC1C3=NC2=C(C=C(C=C2)F)C(=C3CC4)C5=CC=CC=C5,5.259968280792236,-5.259968280792236,A0A9J7G2H7,False
EA05D30EF13665D8_5B1EA776A3FC5E5B_6038_UN,CC(C)N(CCCNC(=O)C1(CC1)C(=O)N2CCOCC2)C(C)C,5.260898113250732,-5.260898113250732,A0A9J7G2H7,False
FC43692F86E1ECB3_70D11B0925207951_6038_UN,CCN(CC)CCC(C)NC(=O)CCC1CCC(O1)C2OCCO2,5.261656761169434,-5.261656761169434,A0A9J7G2H7,False
14406C53D882A134_00413890EAC2ECC9_6038_UN,CC2CCN(CCOC(C1CCCN(C(N(CC)CC)=O)C1)=O)C2,5.266016483306885,-5.266016483306885,A0A9J7G2H7,False
186DE622CBB9296C_E1AFE68A61312446_6038_UN,CCOC(=O)C(F)CCNC(CN1C=C(C(N)=O)C(NC1=O)=O)=O,5.269342422485352,-5.269342422485352,A0A9J7G2H7,False
C6FA13556E7E1532_A938FB564468D2CF_6038_UN,N(CCC2CCC1(CCOCC1)CO2)C(=O)C3=C[N](N=N3)C4CC4,5.272944927215576,-5.272944927215576,A0A9J7G2H7,False
82B892163761B881_E2079669DF55D24A_6039_UN,O(C13CC1CN(CC2=CC=CC=C2)C3)CCCCC4=CC=CC=C4,5.274555206298828,-5.274555206298828,A0A9J7G2H7,False
4ACB8D06D4102AF0_6E94D650A5B305D6_6039_UN,O(CC1=NOC(=N1)C2=CC=C(C=C2)F)CC3=CC(=NC=C3)N(C)C,5.277329444885254,-5.277329444885254,A0A9J7G2H7,False
790D1484CCA1ACD9_9DB0752AE16B7071_6034_UN,CC1=CC=C(C=C1)[N]2N=CC3=C2N=CN(C3=O)CC4=N[N](C)C(=C4Br)Cl,5.278347015380859,-5.278347015380859,A0A9J7G2H7,False
8BF92A4093DDEC82_72109F369B5538EB_6038_UN,CCC1=NC(=NO1)C2=CC(=CC=C2)NC(=O)C4CCC3(CCC3)O4,5.280566215515137,-5.280566215515137,A0A9J7G2H7,False
2C2FECEAA7F1F4CD_3B5F6D80AF616F16_6031_UN,CCOC(=O)C(C)(C)CC(=O)OCCOCCOCCOCCN,5.2815327644348145,-5.2815327644348145,A0A9J7G2H7,False
6CD4E71EB01D4BC8_53A3DCA002E3FB72_1031_UN,CCCCCCCC(C)C[N]1C2=C(C(=C1C)C(OCC)=O)CCC2,5.284481048583984,-5.284481048583984,A0A9J7G2H7,False
692FF439596F21E2_8BC86A29AC515BD1_6031_DP,NC(CCCCCC1OCCO1)C(=O)OCCN(CC)C2CCC2,5.286397933959961,-5.286397933959961,A0A9J7G2H7,False
5D2FD9ED8A1DB6DD_BDF1D72537F4C5F3_6031_UN,CCOCCOCC(=O)OCCCOCCOCCOCCOC,5.298103332519531,-5.298103332519531,A0A9J7G2H7,False
6D0C73239F0423C5_662393367C2FA44A_7019_UN,CC(=O)NC1=CC(=CC=C1)C=CC2CCCCCCCCCCC2,5.300422668457031,-5.300422668457031,A0A9J7G2H7,False
58997AAF7C07E6DF_9CE0EC129148C217_6031_UN,COCCOCCOCCOCC(C)(C)C(=O)OCCCOCC,5.302303791046143,-5.302303791046143,A0A9J7G2H7,False
A442F5DAF70AB636_A1965CCF69ECD262_7005_UN,N4=C(C1CCCC2CCCCC12)[NH]C5=CC3=C(OCCCO3)C=C45,5.303243637084961,-5.303243637084961,A0A9J7G2H7,False
F3833B6AFECD965E_A6BC18EA23E6D1DC_6035_UN,O(C1CCCOC12CCOCC2)C3=CC=C(C=C3)OCC(F)(F)F,5.306794166564941,-5.306794166564941,A0A9J7G2H7,False
E545EEFD50B60734_5E0A8D7458421E8E_6038_UN,CN(C)C1=C(COC(=O)CCCCCC#C)C(=O)N(C)C(=O)N1C,5.307954788208008,-5.307954788208008,A0A9J7G2H7,False
5B30BB4BEC60A5D6_33BC48FAFC11CC3E_6035_UN,O(C(CCC1=CC=CC=C1)CC=C)C2=C(C=C(CCNC)C=C2)Br,5.311490058898926,-5.311490058898926,A0A9J7G2H7,False
FA577DDA35E6F0F6_2F7EA0A07E1B7ACB_6038_UN,C[C@@H](CCNC(COCCCCCCCC)=O)OC1CCCCO1,5.312963962554932,-5.312963962554932,A0A9J7G2H7,False
38F5863DFA41B6B3_5F75C86770B3EBAF_6038_UN,CC(C)N(CCNC(=O)[C@H]1O[C@H](CC1)CN2CCOCC2)C(C)C,5.317395210266113,-5.317395210266113,A0A9J7G2H7,False
EE62F1B9B1006BED_E7F3FFED82F670E0_6038_UN,N(CCCOC1=CC=CC=C1)C(=O)C2C5C3CC6C4CC(C2C34)C56,5.320920944213867,-5.320920944213867,A0A9J7G2H7,False
657E02857C965270_D6E4752D5F64A287_6031_UN,CC(C)N1N=C(CCC1=O)C(=O)OCCN(CCCC)CCCC,5.323063850402832,-5.323063850402832,A0A9J7G2H7,False
527BB20B3EA1771D_DC9F5E1024CFFEEF_6031_DP,N1[C@H]2CC[C@@H]1C[C@H](C2)C(=O)OCCNC4=NC3=C(N)[NH]C=NC3=N4,5.323756217956543,-5.323756217956543,A0A9J7G2H7,False
EFFE7AED49D44934_3F8CDFF753450332_6031_UN,CC(OC1CCCC1)C(=O)OCCOCCNCCN(CC)CC,5.325485706329346,-5.325485706329346,A0A9J7G2H7,False
B8C07BAAF2070F63_3154B2375E5ECD31_6031_DP,NC1(CCC(=O)OCCOCCNCCN(CC)CC)CCOC1,5.329245567321777,-5.329245567321777,A0A9J7G2H7,False
419308F2F1CE5C60_3EAB3AC5F4EB021B_6039_UN,O(C3CCC4C1CC(C2OC12)C34)CCC5=CC=C(C(F)(F)F)C=C5,5.338447570800781,-5.338447570800781,A0A9J7G2H7,False
71AE34391B7C6E20_0E42F76A6A414CCD_6038_UN,CC(C)N(CCCNC(C1(CC(OCC)(C1)OCC)C)=O)C(C)C,5.339247703552246,-5.339247703552246,A0A9J7G2H7,False
02DB59AD9161B19D_BC48A343925AFC56_6038_UN,CCN(CC)CC(C)NC(=O)CC1CCN(CC1)C(=O)OCC=C,5.342197418212891,-5.342197418212891,A0A9J7G2H7,False
A714240C6B05C4DE_D803CFFF120205B8_6035_UN,O(CC1=C(C=CC=C1)SC(F)F)C2=C(OC)C=CC=C2OCCN,5.342604160308838,-5.342604160308838,A0A9J7G2H7,False
BB53CAE21FB98985_A9032FF56C72EBA3_6039_UN,CC(C)(C)[Si](C)(C)OCCOCCC[Si](OCC)(OCC)OCC,5.3434953689575195,-5.3434953689575195,A0A9J7G2H7,False
D089726C61B3446A_318019985D836A8B_6031_DP,OC(=O)CCC(=O)OCCOC(=O)CCC(=O)OCCOC(N)=O,5.349918365478516,-5.349918365478516,A0A9J7G2H7,False
88A9B8A2E34D8F6B_0F8270BF30C86A0A_6031_UN,CC(C1CC1)N2CC(CC2=O)C(=O)OCCCN(CCC)CCC,5.352684497833252,-5.352684497833252,A0A9J7G2H7,False
06A2A83CE3AEA9B1_658452146684CD6F_6038_UN,CCCCOCCOCCOCCOC(COCCCCCC)=O,5.353377342224121,-5.353377342224121,A0A9J7G2H7,False
41979D904707CF88_673D0A25E8B8E4AF_6031_UN,CN1C(CC(=O)OCCOCCNCCN(CC)CC)CCC1=O,5.36611270904541,-5.36611270904541,A0A9J7G2H7,False
5DFA4F9DC126830C_467E2B78AFB3F440_6031_UN,O(C(=O)C2CCOC1(CCOCC1)C2)CC(C(N)C3CC3)C4CC4,5.367946624755859,-5.367946624755859,A0A9J7G2H7,False
DAAEB18F161D377C_C2953ED1F6292816_6031_UN,CC(C)(C)C(=O)CCCC(=O)OCCOCCOCCOCCN,5.368092060089111,-5.368092060089111,A0A9J7G2H7,False
211792CE1B4C1A6F_09E6D2F0FBD38BA2_6039_UN,CCO[P](=O)(CCOCCC[Si](OCC)(OCC)OCC)OCC,5.369779586791992,-5.369779586791992,A0A9J7G2H7,False
1D4D746C3088AB05_EAEC985FF82C8C76_6038_UN,CCC1=CC(=C(C(=C1)OC)OC(CCCOCCOCC)=O)OC,5.374849796295166,-5.374849796295166,A0A9J7G2H7,False
21739619E8BA6F3A_3F141781FECA5FEA_6026_UN,[S](=O)(=O)(C1=CC(=CC=C1)CBr)NCC2=NN=C3[N]2N=C(OC)C=C3,5.378870010375977,-5.378870010375977,A0A9J7G2H7,False
7F63AB51A91D3BEE_84107C2EABAD70DF_6031_UN,CC(C)(C)C1(CCC1)C(=O)OCCOCCNCCN(CC)CC,5.387079238891602,-5.387079238891602,A0A9J7G2H7,False
88820281BF9C6CFE_66D958A659132918_6038_DP,NC1=NC=C(S1)C(OC(=O)C2COC3COCC23)C4CCCOC4,5.387989521026611,-5.387989521026611,A0A9J7G2H7,False
F3D2D2E6B3AEBC58_E83B02B1730FF1A3_6031_DP,COC(=O)C[C@H](CC(=O)OCCN(CC)C1(CCCCC1)C#C)N,5.390218734741211,-5.390218734741211,A0A9J7G2H7,False
4FE8E3CDCFA1E953_4DB6F89BA2C95E19_6039_UN,O(CC1CCC2C(CC1)C2(F)F)CC3CCC(O3)C4=CC=CC=C4,5.391164779663086,-5.391164779663086,A0A9J7G2H7,False
F7E23BA7E2336484_D85DAEDB78F328EE_6031_UN,CCCCCN(CCC(=O)OCC(C)CC1CCOCC1)C(C)C,5.393665790557861,-5.393665790557861,A0A9J7G2H7,False
558F6E38C8D998BD_F3910A6C6694911D_6006_UN,C1(=NC3=C(C=C1)N2CC[C@@H](C2)N3)C4=CC5=C(C=C4)OC6=C5C=CC=C6,5.394580364227295,-5.394580364227295,A0A9J7G2H7,False
C51A29B01769C008_B0E22DB7173A6883_6038_UN,CC(=O)OC1=CC=C(C=C1)CNC(=O)CC3(CC(=O)N2CCOCC2)CCCC3,5.398903846740723,-5.398903846740723,A0A9J7G2H7,False
BA39978D470EC302_6F7D85D2FF0A678E_6031_UN,O(C(=O)C1=CC(=CC=C1)CNC2=NC=NC=C2)CC[N]3C(=C(C(OCC)=O)C(=N3)C)N,5.41554069519043,-5.41554069519043,A0A9J7G2H7,False
8CD12DDCB6D1B89C_765041E801F59254_6031_UN,C[S](=O)(=O)CC1(COC1)C(=O)OCCOCCOCCOCCN,5.427939414978027,-5.427939414978027,A0A9J7G2H7,False
FC74E262F2D37B5D_4FE31674BBD8C9BA_6039_UN,COCCOCCOCCOCCOCCO[Si](C(C)(C)C)(C)C,5.4289069175720215,-5.4289069175720215,A0A9J7G2H7,False
3FCFED2852F70594_36988A02E3D17D4C_6038_UN,CCN(CC)C(C)CNC(C1(CCOC)CCN(CC1)C(=O)C)=O,5.444674491882324,-5.444674491882324,A0A9J7G2H7,False
FACC4D4B05687F82_044EF99E769CCEB3_6039_UN,O(C1(CCC1)CCC(=O)O)CC(N(CC)CC(=O)NC(C)(C)C)=O,5.448724746704102,-5.448724746704102,A0A9J7G2H7,False
85FF72D3A85B614B_79E012CC38C56641_6035_UN,O(CCOCCOCC1CCCO1)C2=CC=C(C=C2)O[P](=O)(O)O,5.458885669708252,-5.458885669708252,A0A9J7G2H7,False
DCA699A03C0ACB09_A6A63F27E8CCFA25_2201_UN,C12=NC5=C4C(=C1C=CCC23CCCCC3)CCC4=CC6=C5CCC6,5.471689701080322,-5.471689701080322,A0A9J7G2H7,False
7D70ED2DE3F956D1_06B176C8D903894B_6038_UN,CC(NC(=O)C1CC2CCC1CC2=O)C35CC4CC(CC(C3)C4)C5,5.471915245056152,-5.471915245056152,A0A9J7G2H7,False
D2C2D82B473EBDED_8C24579D915D7B20_6038_UN,CCN(CCNC(C1(CCOC)CCN(CC1)C(=O)C)=O)C(C)C,5.477852821350098,-5.477852821350098,A0A9J7G2H7,False
A78CEB17A78DDD8F_69AB44CFC8D9CD30_6031_DP,COC1CC(CNC1)C(=O)OCCOCCOCCOCCCC,5.479924201965332,-5.479924201965332,A0A9J7G2H7,False
3C4CC6384C964D1C_A8F10F2CCDE2C475_6039_UN,CCCN(CCC)C(=O)COCCC[Si](OCC)(OCC)OCC,5.482444763183594,-5.482444763183594,A0A9J7G2H7,False
42D7732E0C160777_B8D6CBF2375A8B38_6038_UN,CN(C)C(=O)C3=C1[N](CCCC1CNC(C2(CC)COC2)=O)N=C3,5.485218524932861,-5.485218524932861,A0A9J7G2H7,False
73E01112ABEDB751_EEFACF982440B72E_6038_UN,O(C1=C(C(=NC=C1)Cl)F)C(C(C)N(C)C2=NC=C[N]3C=NN=C23)=O,5.492380142211914,-5.492380142211914,A0A9J7G2H7,False
3539DC5A8D2B891C_0ADB760D581AB882_6038_UN,C[N]1N=CC=C1C(NC(=O)C2CCCCC(=O)C2)C3=CC=CC=C3,5.493732452392578,-5.493732452392578,A0A9J7G2H7,False
2673C4E27FF3A5AC_6B21CC7706A3BC9C_7019_UN,C(C(=O)N(CC1=CC=CS1)C2CC2)=C[C@@H]([C@H]([C@@H]([C@@H](CO)O)O)O)O,5.4953155517578125,-5.4953155517578125,A0A9J7G2H7,False
4F0D571F1F09441D_103800E8BABA99A8_6035_UN,O(C1CCCC1C2=CN=CC=C2)C3=CC(=CC=C3)C4CNCCO4,5.513033390045166,-5.513033390045166,A0A9J7G2H7,False
E67C0B6E13027FED_55D3AB137A2CC5FE_6038_UN,O(CCOCCOCCOCCN=[N]#N)C(COCCCOC)=O,5.513517379760742,-5.513517379760742,A0A9J7G2H7,False
D00BBC35663B364B_9298E3C32FB235FA_2201_DP,N1CCCC1C2COCC3=C5C4=C(N=C23)C6=C(C=C4CC5)CCC6,5.515915870666504,-5.515915870666504,A0A9J7G2H7,False
835DFCB372109540_30A6FAE82BFE04CC_6038_DP,N2C(CNC(C1=C(SC)N=C(N=C1C)C(C)C)=O)C3CCC2CC3,5.519706726074219,-5.519706726074219,A0A9J7G2H7,False
14E86240A20D913B_388B451FB9B36FFD_6038_UN,CC(OC(=O)C1(CCOCC1)C2=C(C=CC=N2)F)CC3=CSC=C3,5.524708271026611,-5.524708271026611,A0A9J7G2H7,False
7D37D2F56E753C00_9B4D54DA85EF526E_6038_UN,O(CC1=CN=C(C=C1)C2=NC=CC=C2)C(=O)C4=C3C(NNC3=CC=C4)=O,5.529397964477539,-5.529397964477539,A0A9J7G2H7,False
F4AA63984FADCAB5_9F0243735FDBC594_6038_UN,CCN(CC)C(CNC(C1=NN(C(C)C)C(CC1)=O)=O)CC(C)C,5.537481307983398,-5.537481307983398,A0A9J7G2H7,False
70067EF2723452EE_BC55CC180BCC912B_6038_UN,CCN(CC)C(=O)CCCNC(CCN(CCCCC)C(C)C)=O,5.540884971618652,-5.540884971618652,A0A9J7G2H7,False
BF727DAE28490883_5A995AA91E212A13_6038_UN,CCN(CC)C(CNC(C1(CCN(C(C)=O)CC1)C)=O)CC(C)C,5.551214218139648,-5.551214218139648,A0A9J7G2H7,False
97B5F588D05262AA_B301CC5D6654591D_6038_UN,COC1(OC)C(C)(C)C(NC(C(CC)(C)CCC(C)C)=O)C1(C)C,5.5572662353515625,-5.5572662353515625,A0A9J7G2H7,False
921A6D55792D7CE1_4EB2EFDCB26E15B7_6038_UN,COCCOCCOCCOC(CCCOCCOCCOC)=O,5.559787750244141,-5.559787750244141,A0A9J7G2H7,False
3E4BD74932A16C88_D4850A3C5BBE4539_6038_UN,COC1(OC)C(C)(C)C(NC(CCC(N(CC)CC)=O)=O)C1(C)C,5.574586391448975,-5.574586391448975,A0A9J7G2H7,False
5726874983C25406_9A8B3CE875897370_6038_UN,CC(CNC(CC1=CSC(=N1)SC(CC)C(=O)N)=O)N(C)C2CC2,5.578142166137695,-5.578142166137695,A0A9J7G2H7,False
1117FB3A90B64D37_416827C90081799B_2875_UN,COC1(CCC1)C(CO)[N]2N=NC(=C2)CN(CC(O)=O)CC(=O)O,5.599530220031738,-5.599530220031738,A0A9J7G2H7,False
A1F88312D939289A_439180F2AFDB2F31_6041_UN,C2(=C1C=CN=CC1=CC=C2)NC3=CC4=C(C=C3)C5=C(O4)C=CC=C5,5.60225772857666,-5.60225772857666,A0A9J7G2H7,False
E93F48CC3CB86EAE_5539D98F3349FBCB_6026_DP,[S](=O)(=O)(C2=C1C=CC=C(C1=CC=C2)N=[N]#N)N(CC(OC)=O)CC(=O)O,5.60487699508667,-5.60487699508667,A0A9J7G2H7,False
3522CD62CD70DB59_511945888A65B6C5_6038_UN,CC2(CNC(CCC(N(CCOC)C1=C(N)N(CC(C)C)C(=O)NC1=O)=O)=O)CCOCC2,5.608596324920654,-5.608596324920654,A0A9J7G2H7,False
E418CFAC1BEDF5E5_D9A73512CE6D91F0_6039_UN,CC1CCCCN1CCCOCC(NC3=NC2=C(C=C(OC)C=C2)S3)=O,5.613692760467529,-5.613692760467529,A0A9J7G2H7,False
6197A04BF16F438B_F8C37DBF42D9E183_6038_DP,N1C2CCCC(C1)C2CNC(C3=C(SC)N=C(N=C3C)C(C)C)=O,5.61839485168457,-5.61839485168457,A0A9J7G2H7,False
F9C032F8EBAA735C_2EA026D96C2F86B1_6038_DP,N2CCC(NC(=O)C=CC(=O)N1CCOCC1)CC23CCCCC3,5.624851703643799,-5.624851703643799,A0A9J7G2H7,False
55DEEB81D5C32845_13691EC19DA926FD_6038_UN,CC1=C(C=C(C=C1NC(=O)[C@@H]2C[C@]23CCCC4=C3C=CC=C4)F)F,5.62498664855957,-5.62498664855957,A0A9J7G2H7,False
B6853608AD8488A1_9E0751DEE826FF42_6038_DP,CC(NC(=O)C1CCCCN1C(=O)C2CCCC2)C3CCCCN3,5.6329498291015625,-5.6329498291015625,A0A9J7G2H7,False
FDA3FF406CD44CC2_E4F4C734C6006924_6038_UN,N(CCC2CCC1(CCOCC1)CO2)C(CCCCCB(O)O)=O,5.640982151031494,-5.640982151031494,A0A9J7G2H7,False
C932B97F1118AC67_BF92724530363B1D_2201_UN,C12=NC5=C4C(=C1CCOC23CCOCC3)CCC4=CC6=C5CCC6,5.650474548339844,-5.650474548339844,A0A9J7G2H7,False
5D2FD9ED8A1DB6DD_BDF1D72537F4C5F3_6038_UN,COCCOCCOCCOCCCOC(COCCOCC)=O,5.653836727142334,-5.653836727142334,A0A9J7G2H7,False
1B294EE6E11316C6_A72F7316323AA1CA_6038_UN,C[N]1N=CC=C1C(NC(=O)CC2CCC=CCC2)C3=CC=CC=C3,5.656310081481934,-5.656310081481934,A0A9J7G2H7,False
33C28A907D7D2A33_518E3A187E013ED6_6039_UN,CC1=C(C=CC(=C1)C(=O)N)OC2=CC=C(C=C2)OCC(C3=C(C=C(C)C=C3)C)=O,5.6605706214904785,-5.6605706214904785,A0A9J7G2H7,False
894008E7AAD27D69_C8645FEFDB700E7C_2201_UN,C12=NC5=C4C(=C1CCCCC23CCCC3)CCC4=CC6=C5CCC6,5.665032386779785,-5.665032386779785,A0A9J7G2H7,False
696D1193C4F42608_ACF11815B7F2977E_6029_UN,OC(=O)CC1=C(C=N[N]1[S](C2=N[N](CC(O)=O)N=C2)(=O)=O)C(=O)O,5.6652679443359375,-5.6652679443359375,A0A9J7G2H7,False
CC295C54159CFA42_ACD19ECF5C849B37_2201_UN,C12=NC6=C5C(=C1[C@@H]3C[C@H]2CC34OCCO4)CCC5=CC7=C6CCC7,5.66694974899292,-5.66694974899292,A0A9J7G2H7,False
20C09678184BB35_162AA7CAD3BBFDBA_2201_UN,C12=NC5=C4C(=C1COCC23CCCCC3)CCC4=CC6=C5CCC6,5.6777544021606445,-5.6777544021606445,A0A9J7G2H7,False
DC067E733F0D14E9_3A35CAB4FFDFAB80_6038_DP,CC(NC(C1CCNC(C1)C2CCCO2)=O)C(C)C3CCCCC3,5.679207801818848,-5.679207801818848,A0A9J7G2H7,False
86108208DA9C840C_D196AFFBF57BF4B9_6006_UN,C1(=NC2=C(C=C1)C=CC3=C2N=CC=C3)C4=CC5=C(N=C4)C=CC=N5,5.689386367797852,-5.689386367797852,A0A9J7G2H7,False
330C42F7A14371E6_CE9345F93A2C6335_6041_UN,OC(=O)C=CC1=CC(=NC=C1)N[C@H]3[C@@H]2N(C(=C(COC(C)=O)CS2)C(=O)O)C3=O,5.691723823547363,-5.691723823547363,A0A9J7G2H7,False
FC7133A4B8E61754_7DA83976367DFFE4_6038_UN,N(C1CCOCC12CCCCC2)C(C(C)OC3CCCCCC3)=O,5.714808464050293,-5.714808464050293,A0A9J7G2H7,False
92D597556089A6F8_46836ABEE1F7FBD2_6036_UN,CC1C(C(CNC1)C)N3[S](C2=C(C=C(N)C=C2)[N]4N=CN=C34)(=O)=O,5.7171831130981445,-5.7171831130981445,A0A9J7G2H7,False
DAFE86D8AA646D0B_7BE8FBF9EB8EF111_6031_UN,CC(C)(C(=O)OCCOCCOCCOCCN=[N]#N)[S](=O)(=O)C,5.721983432769775,-5.721983432769775,A0A9J7G2H7,False
25692CCE32FD65D0_2ECFCCEBDCC47C66_6039_UN,COCCOCCOCCOCCCOCCOC(C)(C)C(=O)O,5.7226338386535645,-5.7226338386535645,A0A9J7G2H7,False
B5FE3238A035B082_E08BC36A87D590AF_6029_UN,COC(=O)[C@@H](C)ON[S](C1=CC=C(CN(C(CCl)=O)CC=C)S1)(=O)=O,5.732905864715576,-5.732905864715576,A0A9J7G2H7,False
6E356384C02B8F8C_E75BB3A7F108A5EC_6038_UN,N(C1=CC(=NC=C1)[S](=O)(=O)N)C(C2=N[N]3C(=N2)N=C(C)C=C3C)=O,5.737966060638428,-5.737966060638428,A0A9J7G2H7,False
9BE8217E7F1B0147_A5ABACC855DE9D0F_6038_UN,CC(NC(=O)C23OC1C4COCC1C2C34)C6=CC5=C(C=CN=C5)O6,5.7427144050598145,-5.7427144050598145,A0A9J7G2H7,False
4456D71F7DB44C86_ED8AB4B10A7CF2C0_2201_UN,C23=NC1=NC=NC6=C1C(=C2CC5C4=C(C=CC=C34)NC5)C=CN6C,5.747992992401123,-5.747992992401123,A0A9J7G2H7,False
AF1434685F82D316_BB2BC6ADE6E9FBF5_6038_UN,CC(C)N(CCCNC(CC1=CN=C2C(C)CCC[N]12)=O)C(C)C,5.7508625984191895,-5.7508625984191895,A0A9J7G2H7,False
F579D203DF83ED06_F7478BEE857BE7DC_6031_UN,CC(C)(C)CCC(C)(N)C(=O)OCCN1CC(C)(C)OC(C1)(C)C,5.752349376678467,-5.752349376678467,A0A9J7G2H7,False
3CA09766F22E50B5_9B7B7DE9F27F50D8_6038_UN,N(C(C1CC1)C2CCCCO2)C(=O)[C@H]3[C@@H](OCCC3)C4=NC=C[NH]4,5.75557279586792,-5.75557279586792,A0A9J7G2H7,False
F5ED98B381DA115B_5C54F3F1D2C1CEA4_6038_DP,OC(=O)C(NC(=O)C2CCC1=C(C=NC=N1)C2)C3CCCCCC3,5.756383895874023,-5.756383895874023,A0A9J7G2H7,False
6639D937AB7E885C_279AF758065A9A95_7005_DP,N4=C(C1CNCC1C2CCNCC2)[NH]C5=CC3=C(OCCO3)C=C45,5.7618865966796875,-5.7618865966796875,A0A9J7G2H7,False
C088CCDFCB1E4572_8487324803A58A88_6036_UN,CCOC(C)C(C(=O)OC)N2[S](C1=C(C)C=C(C=C1C2=O)F)(=O)=O,5.767630577087402,-5.767630577087402,A0A9J7G2H7,False
760533ADA4CD7B2C_F3B3A51048D2C9CD_6026_UN,CCOC(=O)C1=CC(=CC(=C1)COC)[S](=O)(=O)N3CC2(COCCC2)OCC3,5.7723388671875,-5.7723388671875,A0A9J7G2H7,False
49C99C66C2C3ACC1_E12BE6F17BEB4B9B_6038_DP,N(C(C1CC1)C2CCCCO2)C([C@@H]3CCO[C@H]3C4CCNCC4)=O,5.775189399719238,-5.775189399719238,A0A9J7G2H7,False
B20058B5ED301A66_EACC50B8611C03F2_6038_DP,CCC(C)C1=NC(=N[NH]1)C(C)NC(C[C@@H]2NC3=C(C2)C=CC=C3)=O,5.776087284088135,-5.776087284088135,A0A9J7G2H7,False
3B5E89F9B5C6EAD0_53E99BCF398F8983_6038_DP,CC(NC(C1(CCNC1)C2CCOCC2)=O)C(C)C3CCCCC3,5.780871868133545,-5.780871868133545,A0A9J7G2H7,False
18A56F50C262B6C5_F90B7EC4601E5728_6027_UN,FC(F)(F)[S](=O)(=O)N([S](=O)(=O)C(F)(F)F)[S](=O)(=O)CCCSC#N,5.782341957092285,-5.782341957092285,A0A9J7G2H7,False
092AD19FE70594B8_F30174742E3CA650_6038_DP,C[C@@H](NC(CCC(OCCOC(CCC(O)=O)=O)=O)=O)CC1=C[N](C)N=N1,5.78481388092041,-5.78481388092041,A0A9J7G2H7,False
095A768105593490_C2765DD1B13855D7_6038_UN,CC(C)[N]1C=CC(=N1)C(C)NC(=O)CC3CCC2(CCCC2)CC3,5.788414001464844,-5.788414001464844,A0A9J7G2H7,False
2D7C7BE3EFF02170_A78341F7CEAA9924_6029_UN,CSC1=C(C=CC=C1)OCC(O)CN(C(C)C)[S](C2=C(C=N[N]2C(C)C)C(=O)O)(=O)=O,5.790968418121338,-5.790968418121338,A0A9J7G2H7,False
1C7263604DEC96C8_A4E79D53187FA620_6039_UN,O(C(C1CCCCCC1)C(=O)O)CC(N(C(C)C2CC2)C3CC3)=O,5.801150321960449,-5.801150321960449,A0A9J7G2H7,False
A0B7887F881738DF_6DB31A4B62B7099A_6039_UN,O(CCOCCOCCOCC#C)CCO[P](OCC)(=O)OCC,5.807058334350586,-5.807058334350586,A0A9J7G2H7,False
9B21A379F7EEFEC0_43D5C3BC67CE8FAC_6039_UN,COCCOCCOCCOCCCOCCC(N(CC)CC)=O,5.814640998840332,-5.814640998840332,A0A9J7G2H7,False
6F6E2D1FE0ADFDA0_AC8B97522FCB4D46_6038_DP,CC(NC(C1CNC2(CC1)CCCCC2)=O)C(C)C3CCCCC3,5.816684722900391,-5.816684722900391,A0A9J7G2H7,False
9049CFCA1A5D42C4_98A796A83BA5C972_6038_DP,CC(NC(CC2CC1CCNCC1CC2)=O)C(C)C3CCCCC3,5.81915807723999,-5.81915807723999,A0A9J7G2H7,False
ED6B53C6FC90BAE1_080BB07807E89B89_6038_DP,C[N]1N=CC=C1C(NC(=O)C5C2C3CC6C4CC(C2C34)C56)C(=O)O,5.82011604309082,-5.82011604309082,A0A9J7G2H7,False
5F5C089EBA11FD21_B9137D355C33B26B_6038_UN,CC1=C(C=C(C=C1NC(=O)C3=C2[NH]C4=C(C2=CC=C3)CCC4)F)F,5.824422359466553,-5.824422359466553,A0A9J7G2H7,False
718E3A8E6D9FDE9E_477B379CE4D377F3_6038_DP,CC(NC([C@@H]1[C@H](CNC1)C2CCOCC2)=O)C(C)C3CCCCC3,5.824601173400879,-5.824601173400879,A0A9J7G2H7,False
1E1190B1DDE0DF73_780B665185D11272_6038_DP,OC(=O)C(NC(=O)C1=CC2CCC=CCCC12)C3CCCCCC3,5.844988822937012,-5.844988822937012,A0A9J7G2H7,False
23FB7E6DCAF1DD98_9C0A9C2187ACBC2F_7019_UN,FC1(F)CC13CCC(C=CC2CCCCCCCCCCC2)CC3,5.854070663452148,-5.854070663452148,A0A9J7G2H7,False
7CC3923653CC78BE_297DAE78C6AE1DED_6038_UN,COC(C)COC(=O)C1=N[N](C2=C1CCCCC2)C3=CC=C(C=C3)F,5.854768753051758,-5.854768753051758,A0A9J7G2H7,False
65AE1C730275F50B_C17E44A944B68634_2201_UN,C12=NC5=C4C(=C1CCCC2C3CCCCO3)CCC4=CC6=C5CCC6,5.868226051330566,-5.868226051330566,A0A9J7G2H7,False
8F01324E85867824_DC0CA15270F78B57_6038_UN,N(C(C1CC1)C2CCCCO2)C(=O)C3CC(=NO3)C4CCOCC4,5.87872314453125,-5.87872314453125,A0A9J7G2H7,False
09A18110616EDFA8_75ABA8CCCB60438C_6038_UN,CC(C)[N]1C=CC(=N1)C(C)NC(=O)C2CCCCC2C3CCCO3,5.885898590087891,-5.885898590087891,A0A9J7G2H7,False
AF9E5FA4AC725AAE_F1D2526EE44F2A4F_6041_UN,CC1=NC2=C(C=C1)C(=CC=N2)NC3=C(C4=C(C=C3)SC=N4)[N](=O)=O,5.88714075088501,-5.88714075088501,A0A9J7G2H7,False
346F40BC4CF7CEA5_E249D03DF7077253_6036_UN,COCCOCCOCCOCCCN(C(C)(C)C#N)[S](=O)(=O)C,5.889537334442139,-5.889537334442139,A0A9J7G2H7,False
BB20CCA80150039D_EE87EF52F759EA36_6038_UN,COC(=O)CCCCCSC(COCC(N(CC)CCOC)=O)=O,5.896313667297363,-5.896313667297363,A0A9J7G2H7,False
1E8B54B35753C63D_F73E8B1D0607EA84_6038_UN,N(C1=C(C=CN=C1)B(O)O)C(=O)C2=NC=C(C=C2)C3=NC=CN=C3,5.897979259490967,-5.897979259490967,A0A9J7G2H7,False
17DA934A30599A63_429BCE8BF4A8ADBB_6038_UN,CC(NC(=O)CC1CCSCC1)C(N2CCCC2)C3=CC=CC=C3,5.9001898765563965,-5.9001898765563965,A0A9J7G2H7,False
2319E4CCCC47735D_0EFA08D462764018_6039_UN,O(CCN[S](=O)(=O)C(F)(F)F)CCC[Si](OCC)(OCC)OCC,5.909011363983154,-5.909011363983154,A0A9J7G2H7,False
17A3D8A73CC006BE_5D57B1F27F8A3BE0_6043_UN,COC1=C(C(=CC=C1)N(CC2=CC=CC(=C2)C(O)=O)[S](=O)(=O)C3=C(C=CC=C3)F)OC,5.924752235412598,-5.924752235412598,A0A9J7G2H7,False
7315E206EC2E3697_E9C640DB68B4A0A3_6038_UN,O(CCC1CCCC2CC12)C(=O)C3=CC=C(C=C3)[S](F)(F)(F)(F)F,5.92566442489624,-5.92566442489624,A0A9J7G2H7,False
B39CEDAB68D6C22B_71AAC5FC91EC0911_6038_DP,CC(C)C(NC(C(CC1CNC1)F)=O)C(=O)N(C)C2CCCCC2,5.975106716156006,-5.975106716156006,A0A9J7G2H7,False
26CC57BCFD5376F7_9B187975F4CD250B_6038_UN,N(C1=C(C=CN=C1)B(O)O)C(=O)CCC2=NC(=NO2)C3=NN=C[NH]3,5.9792890548706055,-5.9792890548706055,A0A9J7G2H7,False
BBABE162DD9ECA34_9EF22B7ECDE8F859_6039_UN,CCOC(=O)C(C)(CCCCCOCCCC[S](=O)(=O)Cl)C(=O)OCC,5.99215030670166,-5.99215030670166,A0A9J7G2H7,False
4C3C3E7C59F2A4FD_49F97051282DBD10_6038_UN,CC(C)C1=NC(=CS1)C(C)NC(=O)C(C2CCCC2)C3CCCC3,6.011012077331543,-6.011012077331543,A0A9J7G2H7,False
37482D5F74C7C035_84B57188E84D6333_6038_UN,O(CCCC(=C)F)C(CCCCCCCCCCCCCCC)=O,6.0130696296691895,-6.0130696296691895,A0A9J7G2H7,False
D386BCC1E960A750_E4A64C819455FBBA_6039_UN,CC(C(OCC(NNC(CC1=NC(=CS1)C)=O)=O)C(F)F)[N](=O)=O,6.01690149307251,-6.01690149307251,A0A9J7G2H7,False
300CE5A08AFD67D6_3FD2D15AFEA74438_6038_DP,NC1=NC=C(S1)C(OC(=O)C2=C[N](N=N2)C3CC3)C4CCCOC4,6.017442226409912,-6.017442226409912,A0A9J7G2H7,False
4683674D047A996A_943E143AE692D46F_6038_UN,N(C1=CC2=C(C=C1)[S](CC2)(=O)=O)C(CN4C(C3=CC(=C(OC)C=C3C=N4)OC)=O)=O,6.054327487945557,-6.054327487945557,A0A9J7G2H7,False
1DF7B8FFA41A1077_86C60C80D335E717_6031_UN,NCCOCC(=O)OCCOCCOCCO[Si](C(C)(C)C)(C)C,6.0544891357421875,-6.0544891357421875,A0A9J7G2H7,False
8011E6AD2ECE8725_8A125B667434423B_7019_UN,C(C(=O)N(C1CCCCC1)C2CCCCC2)=CC3=CN=C(N)N=C3,6.057985305786133,-6.057985305786133,A0A9J7G2H7,False
9A003A8613F6761A_F6398BF811D0F74F_6026_UN,CCOC(=O)C1=CC(=CC(=C1)COC)[S](=O)(=O)N[S](C2=NN=C(C)C=C2)(=O)=O,6.071354389190674,-6.071354389190674,A0A9J7G2H7,False
9F1D2920A6146156_134AFA14975CBE0C_6029_UN,N(CC1=CC(=CC=C1)C(F)(F)F)[S](C2=CC3=C(N=C2)[NH]C(=N3)C4=NC=CC=C4)(=O)=O,6.071928024291992,-6.071928024291992,A0A9J7G2H7,False
55C8F0E100B62F35_9BC888DA1E6FB987_6039_UN,CC1=C(C=CC(=C1)C(=O)N)OC2=CC=C(C=C2)OCC(NC3CCCC(C)C3C)=O,6.07439661026001,-6.07439661026001,A0A9J7G2H7,False
AB3A44F91A876BBF_73505A08D2838858_6038_DP,N2C3C1CC(CC1C2)C3NC(=O)C4(CCOCC4)C5CCCCO5,6.095887184143066,-6.095887184143066,A0A9J7G2H7,False
F66FCE987E1CF5E5_E985F165ADFB99AB_7009_UN,N([S](=O)(=O)CCC1CCC1)C(=O)C(F)(F)C(F)(F)C(F)(F)C(F)(F)C(F)(F)C(F)(F)C(F)(F)F,6.109322547912598,-6.109322547912598,A0A9J7G2H7,False
AC7FE9C4593157EC_350F8B6DFFDF1A50_7019_DP,C(C(=O)N(C1CCCCC1)C2CCCCC2)=CC3=CN=C(N)C=N3,6.114502429962158,-6.114502429962158,A0A9J7G2H7,False
95AAE73E9B8368B5_5BA0E54A2DACBEAC_2201_UN,C12=NC5=C4C(=C1CCCC2C3NCCCCC3)C=CNC4=NC=N5,6.119691848754883,-6.119691848754883,A0A9J7G2H7,False
D41E0651F0F3B14D_16738D83A284C63E_6038_UN,CC(C)N(CCCNC(CC1=C([N](C(C)C)N=C1C)C)=O)C(C)C,6.121954441070557,-6.121954441070557,A0A9J7G2H7,False
82CFF0A208436F21_F0651981B1598547_6041_UN,C1(=NC2=C(C=C1)C=CC3=C2N=CC=C3)NC4=C(C=CN=C4)B(O)O,6.1305742263793945,-6.1305742263793945,A0A9J7G2H7,False
22D5CF6A0B575D81_DAE04659F9ECE8CC_6039_DP,NCCCCCCCCOCC(N(CCC(C)C)CCC(C)C)=O,6.132248878479004,-6.132248878479004,A0A9J7G2H7,False
3E1D27164E2BEFE6_BECB9A6BE4DBB610_6038_UN,CC1(C)CCCC1NC(C(COCCOCCOCCOC)(C)C)=O,6.136714935302734,-6.136714935302734,A0A9J7G2H7,False
E3B280CD8431C479_87A1A85655D54463_6038_UN,CCOC(=O)C(NC(CCN(CCOCCOC)C)=O)CCOC,6.145627975463867,-6.145627975463867,A0A9J7G2H7,False
17E112D1A02B0706_ECBB1530FFE675FE_6038_UN,CCCOC1=CC=C(C=C1)C(=O)CNC(=O)CC2=C(C4=C(N=C2C3=CC=CC=C3)C=CC=C4)C5=CC=CC=C5,6.147231101989746,-6.147231101989746,A0A9J7G2H7,False
E4514914D3AC1CA2_18C8CF7EAE91625C_6038_DP,N1CCC(CC1)[C@@H]2OCC[C@H]2NC(=O)C4CCC3CCCCC3N4,6.16175651550293,-6.16175651550293,A0A9J7G2H7,False
7BAF546FBB4485C8_EC3191576CCBBC68_6038_DP,N4CCC3CC(NC(=O)C1CCCCC1C2CCCO2)CCC3C4,6.17466926574707,-6.17466926574707,A0A9J7G2H7,False
3954C530014D3015_77844FEB89A4DCA6_7019_UN,CC(C)C(=O)N(C)C=CC1=C([N](N=C1C(C)C)C)N2CCOCC2,6.188815593719482,-6.188815593719482,A0A9J7G2H7,False
94CBC06D734C214C_8C786B298DB6F4C7_6038_DP,N4CCC3CC(NC(=O)C1CCNC(C1)C2CCCO2)CCC3C4,6.199161529541016,-6.199161529541016,A0A9J7G2H7,False
DA0BD351CC87D050_0D3B06630A6187BA_6038_UN,CC(C)N(CCNC(C2=C1N=C(C=C([N]1N=C2C)C)C)=O)C(C)C,6.205608367919922,-6.205608367919922,A0A9J7G2H7,False
EB0A6FD172737415_A9C93028B9DBD470_6026_UN,CC1=C(C=C(C=C1)[S](=O)(=O)N2C[C@@H]3[C@H](C2)[C@@H]4CC[C@H]3C=C4)[N](=O)=O,6.215757369995117,-6.215757369995117,A0A9J7G2H7,False
71F4590B835D9F49_B8B49B5E665DCF64_6041_UN,C2(=C1C=NC=CC1=CC=N2)NC3=CC4=C(C=C3)C=CC(=C4)B(O)O,6.221225261688232,-6.221225261688232,A0A9J7G2H7,False
ADBE210AD1FD7208_DE9F8BD8F38146CC_6041_UN,C2(=C1SC3=C(C1=NC=N2)SC=N3)NC4C7C5CC8C6CC(C4C56)C78,6.2318315505981445,-6.2318315505981445,A0A9J7G2H7,False
3E12B18048DE583A_196D6C53E21F9C33_6041_UN,C2(=CC=NC3=C1N=CC=CC1=CC=C23)NC4=C(C=CN=C4)B(O)O,6.247261047363281,-6.247261047363281,A0A9J7G2H7,False
1C39B1D13C0699C9_28C4F3995CC0CBE5_6041_UN,C2(=C1C=NC=CC1=CN=C2)NC3=CC4=C(C=C3)C=CC(=C4)B(O)O,6.247696876525879,-6.247696876525879,A0A9J7G2H7,False
61AC0A5AE24BA52F_A1691979D98E6B5B_6041_UN,C1(=NC2=C(C=C1)N=CC=N2)NC3=CC4=C(C=C3)C=CC(=C4)B(O)O,6.260229110717773,-6.260229110717773,A0A9J7G2H7,False
77E861630D70901D_657A89BD5743EF1B_6038_UN,CC(C)N(CCCNC(C1=C(NC(C)=O)SC(=C1C)C)=O)C(C)C,6.271007537841797,-6.271007537841797,A0A9J7G2H7,False
CF29BA1F04D0E20E_C7E29BDF915CD3DC_6038_DP,N4CCC3CC(NC(=O)C(C1CCCC1)C2CCCC2)CCC3C4,6.279040813446045,-6.279040813446045,A0A9J7G2H7,False
F47A676A12098F83_5762F8810257DF0A_7019_DP,C(C(=O)N(C1CCCCC1)C2CCCCC2)=CC3CC34CCNC4,6.285721778869629,-6.285721778869629,A0A9J7G2H7,False
DEB26F55697953F1_FCF5D4906E234082_6038_UN,COC(=O)[C@]5(C[C@@H](OC(=O)C1=C(N=CC=C1)SC3=C2C4=C(SC2=NC=N3)CCC4)C5)C6=CC=CC=C6,6.289762020111084,-6.289762020111084,A0A9J7G2H7,False
933181E096A959ED_CB86A325F6A2BB8A_6038_UN,N(C1C2CCC(C1)CC2)C(=O)C3CCCCN3C(=O)C4CCCC4,6.2924394607543945,-6.2924394607543945,A0A9J7G2H7,False
4F6B978185DAA567_DC9D43C8959C8C9D_6038_UN,C[C@H](NC(C=CC1=CN=C(OC)N=C1)=O)C2C3=C(CCC2)C=CC=C3,6.316323280334473,-6.316323280334473,A0A9J7G2H7,False
A6591D231487024C_4353F3CEF333D020_6041_UN,C1(=C[N](N=C1)C2=CSC=N2)NC3=CC4=C(C=C3)C=CC(=C4)B(O)O,6.317182540893555,-6.317182540893555,A0A9J7G2H7,False
0FA95F56158A78A3_0DFF384EB198AF6F_6038_UN,O([C@@H]1C[C@H](C1)[N]2N=CN=C2)C(=O)[C@@H]3C[C@@H](CN3C(=O)OCC5C4=C(C=CC=C4)C6=C5C=CC=C6)OC7=CC=NC=C7,6.382327079772949,-6.382327079772949,A0A9J7G2H7,False
63B42B8917EEC7D6_7AC27A64CA4A8CAA_6041_UN,C2(=C1SC3=C(C1=NC=N2)SC=N3)NC5C4C6CC7C4CC8C5C6C78,6.392875671386719,-6.392875671386719,A0A9J7G2H7,False
E68415FDD23930EA_4935CB94A362FD49_6029_UN,N(CC1=CC(=CC=C1)C(F)(F)F)[S](C4=CC=C(C2=NN=C([N]2C3=CC(=CC(=C3)C)C)S)C=C4)(=O)=O,6.397104263305664,-6.397104263305664,A0A9J7G2H7,False
FFCCD503986F37F6_0B9A519C97B85F30_6038_UN,CC(C)C(CNC([C@@H]1CCO[C@H]1C2=CC=N[N]2C(C)C)=O)N(C)C,6.410006523132324,-6.410006523132324,A0A9J7G2H7,False
CBA173F0C61C166B_2420A4E972792A61_7019_UN,CC1CCC2=C(C1)SC3=C2C(N=C(N3)C=CC4CC5CCC4O5)=N,6.410533905029297,-6.410533905029297,A0A9J7G2H7,False
1E939E63A9539F6B_9EEC10D8FD9166C0_6041_UN,CC2=C(C1=CC=N[N]1C=C2)NC3=CC4=C(C=C3)C=CC(=C4)B(O)O,6.424964904785156,-6.424964904785156,A0A9J7G2H7,False
FB152CA1B5D4C72C_C1C7FAD2102525E6_6038_UN,CCC1CCCCC1NC(=O)C2=NOC(=C2)C3=C(C=CC=C3)[N](=O)=O,6.436321258544922,-6.436321258544922,A0A9J7G2H7,False
5436B83E5132964E_CD51683090879857_6038_UN,CC(NC(=O)C1CCC(O1)C2CCCO2)C35CC4CC(CC(C3)C4)C5,6.444395065307617,-6.444395065307617,A0A9J7G2H7,False
3D236D76E79A9E1C_C9B047A8E814A88D_6041_UN,OC(=O)C1=CSN=C1NC4(C2=NC(=C(C)S2)C3=C(C=CC=C3)F)CCC4,6.446403503417969,-6.446403503417969,A0A9J7G2H7,False
1835CB8BC030A498_CA50189A41A74BEB_6039_UN,O([C@H]1C[C@@H](C1)C2=C(C=CC=C2)F)CC3=NC4=C(S3)C(C)(C)CC(C)(C)C4,6.456578254699707,-6.456578254699707,A0A9J7G2H7,False
8D0488E1E411642C_6FAB1D00F9F5A76B_6038_UN,N(C1CN(C(=O)C1)C2=CC=C(C=C2)OC3=CC=CC=C3)C(C4=CC=C(B(O)O)C=C4)=O,6.497435569763184,-6.497435569763184,A0A9J7G2H7,False
A7B5C9C7BBCE75BA_9083481FA35B9322_6041_UN,OB(O)C1=CC2=C(C=C1)C=C(C=C2)NC3=CN=C(N=C3)C4=NC=CC=N4,6.497866630554199,-6.497866630554199,A0A9J7G2H7,False
17B98F0F4AB052AC_D856144225DDFF0E_6041_UN,C1(=NC(=CC=C1)C2=NC=CC=N2)NC4C3C5CC6C3CC7C4C5C67,6.512439250946045,-6.512439250946045,A0A9J7G2H7,False
A129FBC19D539E5B_D4D43DD5870F7B2F_6029_UN,N(CC1=CC(=CC=C1)C(F)(F)F)[S](C3=CC=C([S](N2CCN(C(CCC(O)=O)=O)CC2)(=O)=O)S3)(=O)=O,6.537487030029297,-6.537487030029297,A0A9J7G2H7,False
E9B99041991932AF_DE2761DF9352246B_6041_UN,C1(=NC=C(N=C1)C2=NC=CC=N2)NC4C3C5CC6C3CC7C4C5C67,6.5409159660339355,-6.5409159660339355,A0A9J7G2H7,False
DFB6403466C5FEB8_3417B2F8CB3A3944_6041_DP,N1CC(C1)C2=NC=C(C=N2)NC3=CC4=C(C=C3)C=CC(=C4)B(O)O,6.546576023101807,-6.546576023101807,A0A9J7G2H7,False
00D977978614C062_82E4D9F08CD219A3_6038_UN,CC1(C)CCC(F)C1OC(COC2=C(C=C([S](N)(=O)=O)C=C2)F)=O,6.630784511566162,-6.630784511566162,A0A9J7G2H7,False
B47E7EEA8C548F3F_B12C81C9951440A2_6041_UN,OC(=O)C1=C(C=C(C(=C1)NC2=C(C(OCC)=O)SC(=C2)C3=CC(=C(C(=C3)OC)OC)OC)F)F,6.6852617263793945,-6.6852617263793945,A0A9J7G2H7,False
9D9132E20108A006_0A472DB3D98D9671_6029_UN,CC3(C)CN(C1CCN(C1)[S](C2=C(C(=C(F)C(=C2F)F)F)F)(=O)=O)C3=O,6.8980183601379395,-6.8980183601379395,A0A9J7G2H7,False
1C06FBB0558C09EC_969270EC33CDAEEA_6038_DP,N6C[C@@H](NC(=O)C4C1C2CC5C3CC(C1C23)C45)[C@H](C6)[N]7C=CC=N7,6.933207988739014,-6.933207988739014,A0A9J7G2H7,False
9A33783EC7672F90_44048E69546737D5_2238_UN,N4C2C3C1=C(C=CC(=C1CC23)Cl)C46C5=C(C=C(B(O)O)C=C5)NC6=O,6.964643955230713,-6.964643955230713,A0A9J7G2H7,False
99C728668255F7D0_7654271AC8AEE3F4_2238_UN,N4C2C3C1=C(C=CC(=C1CC23)Br)C46C5=C(C=C(B(O)O)C=C5)NC6=O,6.9646453857421875,-6.9646453857421875,A0A9J7G2H7,False
